kcptun,
shadowsocks,
shadowsocksx-ng,
v2ray-plugin,
algorithms,
data-structures,
animation,
bodymovin,
custom-transitions,
ios-transition,
keyframes,
transition-animation,
functional,
observer,
reactive,
reactivex,
rxswift,
unidirectional,
framework,
http,
http2,
server,
server-side-swift,
vapor,
web-framework,
json,
json-parser,
json-parsing-library,
json-parsing-swift,
swift4-2,
swiftyjson,
xcode10,
animations,
hero,
ios-framework,
ios-lib,
ios-swift,
layout,
material-design,
swiftpm,
cache,
filters,
image,
image-processor,
kingfisher,
apple,
brightness,
control,
ddc,
display,
external-monitor,
gamma,
keyboard,
m1,
macos-app,
menubar,
osx,
shade,
silicon,
volume,
reactivecocoa,
reactiveswift,
auto,
autolayout,
constraints,
dsl,
snapkit,
ui,
emulation,
jailbreak,
qemu,
utm,
virtual-machines,
vm,
code-quality,
linter,
linting,
static-analysis,
app,
code-edit,
code-editor,
ide,
ipados,
open-source,
swiftui,
iqkeyboardmanager,
swift-programming-language,
battery,
bluetooth,
cpu,
disk,
fans,
gpu,
monitor,
network,
sensors,
stats,
temperature,
cocoa,
package-manager,
emulator,
openemu,
retrogaming,
objc,
promises,
computer-science,
design-patterns,
gang-of-four,
good-practices,
playground,
swift-5,
perfect,
swift-perfect-community,
web-application-framework,
mac,
window-manager,
xmonad,
extensions,
foundation,
mit,
productivity-booster,
swifterswift,
tvos,
uikit,
unit-testing,
watchos,
card,
cosmicmind,
design,
graphics,
material,
material-colors,
navigation-controller,
navigation-drawer,
photos,
searchbar,
snackbar,
swift-3,
textfield,
ux,
facebook,
facebook-animation,
gradients,
ios-uiview,
loading,
loading-animation,
loading-animations,
placeholder,
redacted,
shimmer,
skeleton,
uicollectionview,
uitableview,
forms,
ios-forms,
ios-ui,
validations,
browser,
firefox,
ios-app,
mozilla,
library,
homebrew,
mouse,
reverse,
scroll,
smooth,
smooth-scrolling,
smoothscroll,
ios-thirdparty,
loader,
loaders,
control-strip,
display-macos-dock,
dock,
macbook-pro,
touchbar,
widgets,
audio,
audiokit,
midi,
music,
swift-playgrounds,
bdd,
testing,
mac-app-store,
mas,
software-update,
aes,
aes-gcm,
cipher,
commoncrypto,
cryptography,
cryptoswift,
digest,
hmac,
hmac-authentication,
md5,
sha1,
sha3,
autocompletion,
code-generator,
resources,
sqlite,
interface-builder,
protocol-oriented,
prototyping,
ui-components,
localization,
stencil,
stencil-template,
templates,
uicolor,
uifont,
uiimage,
uistoryboard,
monitoring,
status-monitoring,
statusbar,
developer-experience,
developer-tools,
wwdc,
architecture,
composition,
modularity,
testability,
unidirectional-data-flow,
frp,
functional-programming,
functional-reactive-programming,
utilities,
protocol,
starscream,
websocket,
websocket-client,
websockets,
kitura,
routing,
ssl,
web,
cocoa-touch,
iphone-x,
mvc,
augmented-reality,
gitignore,
gitignore-files,
linux,
vapor-swift,
redux,
reswift,
calendar,
jtapplecalendar,
weekview,
year-calendar,
year-view,
date,
date-formatting,
date-time,
nsdate,
nsdate-category,
swiftdate,
timezone,
asynchronous-io,
event-driven,
high-performance,
non-blocking,
non-blocking-io,
swift-server,
swift5,
swiftnio,
keychain,
security,
touch-id,
gif,
progressive,
webp,
clipboard-manager,
maccy,
code-generation,
codegen,
codegenerator,
metaprogramming,
uistackview,
uiview,
minimalistic,
utility,
alt-tab,
alttab,
expose,
mission-control,
task-switcher,
pager-controller,
alerts,
banner,
ios11,
nib,
nib-files,
swift4,
banner-slider,
banner-view,
infinite-scroll,
pages,
uicollectionviewlayout,
convert-videos,
converter,
gif-animation,
gifski,
clipboard,
clipboard-extension,
clipmenu,
feed-reader,
json-feed,
rss,
rss-feed-reader,
rss-reader,
articles,
docs,
learning,
list,
swiftui-tutorials,
videos,
developer-tool,
neovim,
neovim-clients,
neovim-experience,
neovim-guis,
vim,
iap,
in-app-purchase,
in-app-receipt,
airtag,
find-my,
location-tracker,
microbit,
offline-finding,
reverse-engineering,
actionsheet,
alert,
alertviewcontroller,
dark-modes,
entry,
messages,
modalview,
notification,
popup,
swiftentrykit,
uialertcontroller,
uiwindow,
interview,
materials,
problem-solving,
roadmap,
system-design,
drag,
swipe,
tableview,
uitableviewcell,
actionscript,
adobe,
flash,
flash-player,
game,
open,
petition,
shockwave,
source,
adobe-air,
as3,
starling,
starling-framework,
camera,
data-uri,
html5-getusermedia,
webcamjs,
maps,
procedural,
procgen,
adobe-flash-player,
feathers-ui,
user-interface,
game-development,
gamedev,
sfx,
sound-effects,
sound-synthesis-processes,
malware,
malware-analysis,
malware-research,
malware-samples,
gameengine,
games,
coding-font,
monospaced-font,
programming-font,
apple-swift,
arkit,
awesome,
ios,
ios-animation,
ios-libraries,
objective-c,
objective-c-library,
swift-extensions,
swift-framework,
swift-language,
swift-library,
swift-programming,
alamofire,
carthage,
certificate-pinning,
cocoapods,
httpurlresponse,
networking,
parameter-encoding,
public-key-pinning,
request,
response,
swift,
swift-package-manager,
urlrequest,
urlsession,
xcode,
hacktoberfest,
macos,
mpv,
video,
video-player,
royale,
flex,
dexcom,
diabetes,
nightscout,
spike,
dragonbones,
exploratory-data-analysis,
keras,
mine-data,
predictive-analytics,
scatter-plot,
series-analysis,
tensoflow,
time-series-analysis,
mmorpg,
ar,
h5-video,
ovmeet,
rtmp2webrtc,
rtsp2webrtc,
web-video,
webrtc,
air-native-extensions,
ane,
cef,
cefsharp,
chromium-embedded-framework,
webview,
windows-desktop,
rtmp,
streaming,
compiler,
gradle-plugin,
intellij-plugin,
kotlin,
kotlin-library,
maven-plugin,
programming-language,
android,
graalvm,
java,
android-architecture,
samples,
brook,
daze,
fanqiang,
goflyway,
lightsocks,
proxy,
psiphon,
ssr,
trojan,
v2ray,
kotlin-android,
leak-canary,
leak-trace,
leakcanary,
memory-leak,
outofmemory,
outofmemoryerror,
conference,
coroutines,
manga,
androidx,
bottomsheets,
dialogs,
socks5,
v2fly,
vless,
vmess,
vpn,
xray,
xtls,
android-library,
flexbox,
after-effects,
react,
react-native,
jetpack-compose,
alipay,
barcode,
dialog,
likeview,
netspeed,
progressbar,
qrcode,
seat,
share,
shoppingview,
sidebar,
toast,
tools,
utils,
wechatpay,
wxpay,
zip4j,
chatbot,
mirai,
async,
android-development,
android-ui,
drawer,
drawer-support,
drawerlayout,
material-components,
material-theme,
material-ui,
materialdrawer,
mikepenz,
recyclerview,
asynchronous,
awt,
compose,
declarative-ui,
desktop,
gui,
javascript,
multiplatform,
swing,
kotlin-extensions,
kotlin-language,
appintro,
custom-slides,
slide,
slide-policy,
android-studio,
deveco-studio,
intellij,
jetbrains-ides,
plugin,
translate,
translate-plugin,
translation,
image-loader,
images,
kotlin-coroutines,
okhttp,
okio,
kotlin-multiplatform,
apk,
vanced,
vanced-developers,
dependency-injection,
injection,
kotlin-multiplatform-library,
api,
bark,
call,
chatgpt,
dingding,
forward,
mqtt,
pushdear,
pushplus,
serverchan,
sms,
smtp,
telegram,
webhook,
wechatapp,
album-downloader,
albums,
gaana,
gaana-downloader,
metadata,
mp3,
music-downloader,
playlist-downloader,
song-downloader,
soundcloud,
spotify,
spotify-downloader,
youtube,
youtube-downloader,
youtube-music,
communication,
email,
ideavim,
intellij-platform,
jb-official,
jetbrains,
vim-emulator,
architectural-patterns,
mobile,
mobile-app,
mobile-development,
mvp,
mvvm,
viper,
c,
llvm,
rxjava,
dao,
orm,
sql,
compress-images,
compression,
compressor,
image-compression,
analytics,
curriculum-vitae,
cv,
data-visualization,
engineer,
engineering,
freelance,
freelancer,
git,
portfolio,
portfolio-page,
professional-growth,
profile,
programmer,
resume,
skills,
skills-assessment,
social-networks,
sourcerer,
hilt,
jetpack-android,
motion,
mvvm-architecture,
pokedex,
pokemon,
skydoves,
javalin,
jetty,
microservice,
rest-api,
servlet,
bilibili,
xposed,
anki,
ankidroid,
education,
flashcards,
srs,
acra,
android-developers,
crash-reports,
habit-tracker,
habits,
streak,
android-application,
best-practices,
clean-architecture,
gradle,
jetpack,
trakt,
multitype,
one-to-many,
one2many,
recyclerview-multi-type,
arrow,
continuations,
delimited-continuations,
for-comprehension,
fp-types,
functional-data-structure,
kotlin-dsl,
kotlin-libraries,
monads,
optics,
polymorphism,
typeclasses,
typed-lambda-calculus,
lint,
alerting,
android-app,
customisation,
google,
analysis,
codesmells,
static,
android-compose,
android-icon,
fontawesome,
foundation-icons,
google-material,
google-material-icons,
icon-font,
material-icons,
meteocons,
weather-icons,
jetpackcompose,
sqldelight,
4x,
4x-strategy-game,
civ,
civilization,
civilization-v,
itch,
libgdx,
strategy-game,
charts,
williamchart,
argument-matchers,
chain-calls,
matcher,
mock,
mocking-framework,
tdd,
verification,
anti-censorship,
chainid,
chains,
eip155,
ethereum,
evm,
cbor,
protobuf,
serialization,
bytecode-manipulation,
optimizer,
android-cleanarchitecture-kotlin,
architectural,
lessons-learned,
http-client,
rest,
clion,
rust,
rxdownload,
article,
java-kotlin,
kapt,
tutorial,
dagger2,
messaging,
mvi,
qksms,
rxjava2,
corda,
distributed-ledger,
dlt,
apps,
automation,
deployment,
gpp,
gradle-play-publisher,
play-store,
publishing,
clojure,
rainbow,
rainbow-brackets,
rainbow-parentheses,
rainbowify,
scala,
input-method,
go,
golang,
language,
awesome-list,
golang-library,
cncf,
containers,
kubernetes,
gin,
middleware,
performance,
router,
blog-engine,
cms,
content-management-system,
documentation-tool,
hugo,
static-site-generator,
docker,
firewall,
http-proxy,
nat,
reverse-proxy,
tunnel,
bash,
cli,
fish,
fzf,
tmux,
unix,
zsh,
p2p,
peer-to-peer,
synchronization,
graphing,
metrics,
prometheus,
time-series,
acme,
automatic-https,
caddy,
caddyfile,
http-server,
http3,
https,
privacy,
tls,
web-server,
consensus,
database,
distributed-database,
distributed-systems,
etcd,
key-value,
raft,
consul,
letsencrypt,
load-balancer,
marathon,
mesos,
zookeeper,
gogs,
lsif-enabled,
socks,
blockchain,
geth,
certificates,
chrome,
local-development,
localhost,
root-ca,
windows,
amazon-s3,
cloud,
cloudnative,
cloudstorage,
k8s,
multi-cloud,
multi-cloud-kubernetes,
objectstorage,
s3,
storage,
amazon-drive,
azure-blob,
backblaze-b2,
cloud-storage,
dropbox,
encryption,
ftp,
fuse-filesystem,
google-cloud-storage,
google-drive,
hubic,
onedrive,
openstack-swift,
rclone,
sftp,
sync,
webdav,
clash,
rule-based,
cloud-management,
graph,
infrastructure-as-code,
terraform,
docker-image,
explorer,
inspector,
tui,
ci,
devops,
github-actions,
gitea,
github,
gitlab,
bundler,
commonjs,
css,
esm,
jsx,
minifier,
tsx,
typescript,
cloud-native,
distributed-transactions,
htap,
mysql,
mysql-compatibility,
scale,
serverless,
tidb,
terminal,
api-management,
circuit-breaker,
enforce-policies,
envoy,
fault-injection,
lyft-envoy,
microservices,
nomad,
polyglot-microservices,
proxies,
request-routing,
resiliency,
service-mesh,
book,
gorm,
github-api-v4,
cli-app,
cobra,
cobra-generator,
cobra-library,
command,
command-cobra,
command-line,
commandline,
golang-application,
posix,
posix-compliant-flags,
subcommands,
beego,
acm-icpc,
algo,
algorithm,
algorithm-competitions,
algorithms-and-data-structures,
dynamic-programming,
interview-questions,
leetcode,
leetcode-go,
leetcode-golang,
leetcode-solutions,
math,
pattern,
docker-compose,
orchestration,
secrets,
vault,
cockroachdb,
build-automation,
build-pipelines,
ci-cd,
continuous-delivery,
continuous-integration,
management,
node,
nodejs,
nvm,
switch,
version,
version-manager,
versioning,
api-gateway,
ecs,
service-discovery,
cluster,
minikube,
echo,
labstack-echo,
micro-framework,
influxdb,
collaboration,
mattermost,
express,
expressjs,
fast,
fiber,
flexible,
friendly,
hacktoberfest2020,
ai,
google-photos,
machine-learning,
photography,
private-cloud,
self-hosted,
tensorflow,
dns,
gzip,
nps,
snnapy,
ssh,
tcp,
udp,
docker-container,
docker-deployment,
docker-swarm,
docker-ui,
dockerfile,
moby,
portainer,
metallica,
chart,
helm,
basicauth,
cors,
django,
fastest-routes,
grpc-go,
iris,
jwt,
ngrok,
sessions,
message-queue,
nsq,
queue,
gateway,
go-zero,
goctl,
gozero,
grpc-gateway,
microservice-framework,
microservices-architecture,
restful,
restful-api,
rpc,
rpc-framework,
faas,
functions,
functions-as-a-service,
gitops,
lambda,
paas,
serverless-functions,
github-api,
pull-request,
logging,
logrus,
cloud-computing,
container,
spark,
swarm,
data-transfer,
file-sharing,
pake,
transfer,
design-patterns-for-humans,
idioms,
patterns,
authentication,
backend,
realtime,
cross-platform,
editor,
micro,
text-editor,
file-server,
solidjs,
anticensorship,
benchmarking,
load-testing,
cattle,
rancher,
pubsub,
sidecar,
state-management,
crawler,
download,
downloader,
iqiyi,
qq,
scraper,
tumblr,
youku,
debugger,
generate,
grpc,
kratos,
k8s-cluster,
k9s,
kubernetes-cli,
kubernetes-clusters,
toml,
yaml,
es6,
load-generator,
backup,
dedupe,
deduplication,
restic,
secure-by-default,
fyne,
theme,
cncf-project,
container-management,
container-registry,
registry,
test-driven-development,
distributed,
graph-database,
graphdb,
graphql,
graphql-server,
latency,
production,
throughput,
crawling,
scraping,
spider,
assertions,
mocking,
testify,
toolkit,
gorilla,
gorilla-websocket,
administrator,
extension,
filemanager,
interface,
vuejs,
grafana,
loki,
structured-logging,
zap,
mux,
dogs-over-cats,
giant-robots,
nanoservices,
proto,
tty,
cloudreve,
file,
file-manager,
distributed-tracing,
jaeger,
observability,
opentelemetry,
tracing,
elm-architecture,
oci,
course,
exercise,
exercises,
golang-examples,
idiomatic-go,
learn-go,
learn-to-code,
learning-by-doing,
learning-go,
learning-golang,
patterns-go,
project,
quizzes,
qa,
testing-tools,
websocket-server,
data-science,
deep-learning,
neural-networks,
python,
ansi-colors,
emoji,
markdown,
progress-bar,
progress-bar-python,
python-library,
python3,
rich,
syntax-highlighting,
tables,
terminal-color,
traceback,
tracebacks-rich,
sponskrub,
sponsorblock,
video-downloader,
youtube-dl,
youtube-dlc,
yt-dlp,
chinese,
computer-vision,
natural-language-processing,
notebook,
cheatsheet,
python-cheatsheet,
reference,
autopep8,
code,
codeformatter,
formatter,
gofmt,
pre-commit-hook,
yapf,
packaging,
pip,
pipfile,
virtualenv,
cascade-rcnn,
convnext,
detr,
fast-rcnn,
faster-rcnn,
instance-segmentation,
mask-rcnn,
object-detection,
panoptic-segmentation,
pytorch,
retinanet,
rtmdet,
semisupervised-learning,
ssd,
swin-transformer,
transformer,
vision-transformer,
yolo,
multi-platform,
system,
competitive-programming,
data-structure,
search,
sort,
tree,
jax,
audio-processing,
bass,
deezer,
drums,
model,
pretrained-models,
vocals,
dialogue,
machine-translation,
named-entity-recognition,
nlp-tasks,
artificial-intelligence,
disk-encryption,
dnscrypt-proxy,
macbook-configuration,
macbook-security,
macos-security,
macos-setup,
30-days-of-python,
flask,
heroku,
matplotlib,
mongodb,
numpy,
pandas,
gaussian-processes,
hyperparameter-optimization,
kaggle,
mxnet,
recommender-system,
reinforcement-learning,
python-spider,
webspider,
forecasting,
r,
gfw,
shadowrocket,
shadowsocksr,
surge,
classification,
segmentation,
tensorflow2,
attention-mechanism,
image-classification,
transformers,
gan,
generative-adversarial-network,
bot,
chatterbot,
conversation,
face-detection,
face-recognition,
facenet,
mtcnn,
accounting,
asset-management,
crm,
distribution,
erp,
erpnext,
frappe,
healthcare,
hrms,
integrations,
manufacturing,
point-of-sale,
procurement,
profit,
project-management,
retail,
support,
agent-pool,
example,
fund,
multithreading,
pyquery,
selenium,
stock,
taobao,
tmall,
wechat,
wechat-report,
wereader,
data-version-control,
reproducibility,
nlp,
text2image,
vision,
download-music,
playlists,
song,
song-lyrics,
spotdl,
spotdl-cli,
dask,
pydata,
scikit-learn,
scipy,
image-processing,
pil,
pillow,
python-3,
multiprocessing,
neural-network,
sklearn,
theano,
threading,
deepfake,
faceswap,
real-time,
videocall,
webcam,
video-editing,
video-processing,
assembly,
bsd,
capture-the-flag,
ctf,
ctf-framework,
defcon,
exploit,
pwnable,
pwntools,
python2,
rop,
shellcode,
shellcode-development,
shellcoding,
wargame,
chinese-characters,
chinese-language,
chinese-nlp,
chinese-simplified,
chinese-traditional,
data,
json-data,
json-dataset,
test,
annotations,
image-annotation,
semantic-segmentation,
video-annotation,
algorithmic-trading,
bitcoin,
quant,
quantitative-trading,
trade,
trading,
amazing,
picture,
qr-code,
qrcode-generator,
api-cli,
api-testing,
autocomplete,
development,
httpie,
shell,
web-development,
data-analysis,
ipynb,
kaggle-inclass,
plotly,
seaborn,
vowpal-wabbit,
network-analysis,
sentiment-analysis,
web-mining,
wordnet,
background-removal,
click,
typehints,
typer,
edgedb,
edgeql,
graph-relational,
object-relational,
rdbms,
relational-database,
binder,
netease-musicbox,
twitter,
twitter-api,
fastapi,
json-schema,
pydantic,
sqlalchemy,
malwareanalysis,
thezoo,
machine-learning-algorithms,
jinja,
jinja2,
pallets,
template-engine,
api-rest,
asgi,
wsgi,
archival,
coursera,
coursera-dl,
lectures,
beit,
beit-3,
deepnet,
document-ai,
document-foundation-model,
foundation-models,
language-generation,
language-understanding,
layoutlm,
layoutxlm,
llm,
minilm,
multimodal,
multimodal-pre-trained-model,
pre-trained-model,
small-pre-trained-model,
trocr,
unilm,
xlm-e,
aws,
aws-sam,
sam,
sam-specification,
serverless-application-model,
serverless-applications,
generative-adversarial-networks,
gyp,
node-addon,
node-gyp,
dataviz,
open-access,
plotting,
scientific-publications,
wsgi-server,
data-centric,
datascience,
deep,
deeplearning,
machine,
machinelearning,
ml,
natural-language,
nltk,
python-2,
nuitka,
packaging-tool,
programming,
python-compiler,
amazon-bypass,
attack,
auto-proxy,
bypass,
cloudflare,
cloudflare-bypass,
ddos,
ddos-attack-script,
ddos-attack-tools,
ddos-attacks,
ddos-script,
ddos-tool,
ddosguard-bypass,
dos,
flood,
hacking-tool,
layer4,
minecraftbot,
ovh-bypass,
aws-sdk,
megengine,
ncnn,
onnx,
openvino,
tensorrt,
yolov3,
yolox,
iptv,
wtv,
bayesian,
bayesian-inference,
probabilistic-modeling,
probabilistic-programming,
variational-inference,
archiving,
documents,
ocr,
paper,
airdrop,
awdl,
aigc,
bert,
document-intelligence,
embedding,
ernie,
image-generation,
information-extraction,
neural-search,
paddlenlp,
question-answering,
search-engine,
semantic-analysis,
seq2seq,
stable-diffusion,
uie,
ai-practice-recommendations,
artificial-neural-networks,
densenet,
detection,
image-prediction,
image-recognition,
imageai,
inceptionv3,
offline-capable,
prediction,
squeezenet,
convolutional-neural-networks,
fasttext,
memory-networks,
multi-class,
multi-label,
sentence-classification,
text-classification,
textcnn,
textrnn,
anaconda,
anaconda-distribution,
closember,
language-server-protocol,
pyqt5,
qt,
spyder,
winpython,
deep-reinforcement-learning,
3d,
blender-scripts,
procedural-generation,
spaceship,
efficientnet-pytorch,
feature-extraction,
imagenet,
art,
contribution-graph,
contributions-calendar,
gitfiti,
pixel-art,
pixelart,
pixels,
css-animations,
stylesheets,
css-reset,
normalize-css,
font,
font-awesome,
fonts,
iconic-fonts,
octicons,
patched-fonts,
patcher,
powerline,
statusline,
career,
certification,
cn-freecodecamp,
community,
curriculum,
d3,
freecodecamp,
nonprofits,
hangzhou,
knowledge,
afdko,
opentype-fonts,
otf,
ttf-fonts,
variable-fonts,
loading-bar,
loading-indicator,
pace,
pace-js,
color-scheme,
design-systems,
design-tools,
frontend,
functional-css,
html,
responsive,
css-framework,
lightweight,
modern,
responsive-grid,
spectre,
dark,
dark-theme,
usercss,
userstyle,
jupyter,
jupyter-notebook,
jupyter-themes,
country,
country-flags,
icon-css,
svg,
crunchbase,
landscape,
logo,
buidler,
create-react-app,
dapp,
eth,
ethers,
scaffoldeth,
scaffolding,
solidity,
uniswap,
typeface,
angular,
components,
datagrid,
datatable,
design-system,
guy-fieri,
windows98,
minimal,
simple,
atomic-css,
basscss,
oocss,
utility-css,
angular-landing-page,
dashboard,
dynamic-components,
kits,
tailwind-admin,
tailwind-css,
tailwind-css-template,
tailwind-react,
tailwind-starter-kit,
tailwind-vue,
tailwindcss,
tailwindcss-extension,
tailwindcss-starter-kit,
tailwindcss-starter-project,
vue,
normalization,
opinionated,
vscode,
blueteam,
forensics,
hacking,
hacking-simulator,
hacktoberfest2021,
information-security,
infosec,
infosec-reference,
penetration-testing,
pentesting,
privilege-escalation,
privilege-escalation-exploits,
red-team,
references,
learnopengl,
ebooks,
economist,
economist-ebooks,
new-yorker,
pdf,
dpi,
retina,
examples,
textbook,
tutorials,
csv,
excel,
collection,
scss,
english,
asciidoc,
pro-git,
froala,
rich-text-editor,
wysiwyg,
wysiwyg-editor,
wysiwyg-html-editor,
less,
sass,
tooltip,
category-theory,
logic,
programming-languages,
proof-theory,
type-theory,
documentation,
css-center,
css-effects,
css-experiment,
css-flexbox,
css-layout,
css-properties,
css-scrollbar,
css-shadow-parts,
css-shapes,
css-snippets,
css-transitions,
css-tricks,
css-variables,
css3,
cssnext,
docsify,
pseudo-elements,
accuracy,
altitude,
geolocation,
latitude,
longitude,
reconnaissance,
system-information,
cssnano,
minification,
optimisation,
postcss,
ebook,
free,
bookmark,
dao-hang,
nav,
navigation,
tags,
website,
webstack,
obsidian,
assemble,
build,
generator,
grunt,
gulp,
html-templates,
md,
pwa,
scaffold,
static-site,
beautify,
customization,
spicetify,
spicetify-themes,
themes-css,
unixporn,
blog,
hexo,
hexo-theme,
css-course,
starter-files,
udemy,
burst,
mo-js,
mojs,
motion-graphics,
shape,
swirl,
timeline,
toolbelt,
webpack,
coffeescript,
node-js,
parsing,
xml,
xml-parser,
xml2js,
xml2json,
palette,
crosstab,
pivot-chart,
pivot-grid,
pivot-tables,
chat,
client,
google-hangouts,
notifications,
yakyak,
hubot-script,
taiga,
wintersmith,
parser,
docpad,
docpad-core,
preprocessor,
jquery,
jquery-plugin,
backbone,
jakubroztocil,
lastfm,
music-player,
musicbrainz,
redis,
spa,
webapp,
jquery-ui,
origami,
hubot,
hubot-adapter,
slack,
slack-app,
caching,
internal,
memory,
cyclotron,
dashboards,
atom,
beautifier,
prettifier,
prettify,
vim-mode,
vim-mode-plus,
html-over-the-wire,
server-side-rendering,
server-side-technologies,
ujs,
unobtrusive-javascript,
cson,
data-format,
executable,
atom-packages,
client-library,
canvas,
drawing,
html5,
ms-paint,
paint,
whiteboard,
cypher,
neo4j,
node-neo4j,
count,
source-code,
unmaintained,
genshin,
color-picker,
fancyzones,
keyboard-manager,
microsoft-powertoys,
powerrename,
powertoys,
c-sharp,
alternatives,
csharp,
dotnet,
files,
fluent,
fluent-design,
good-first-issue,
mica,
power-user,
productivity,
winappsdk,
windows-10,
windows-11,
winui,
xaml,
codehub,
reactiveui,
alfred,
launcher,
launchy,
spotlight,
wox,
ddd,
ddd-patterns,
netcore,
windowscontainers,
xamarin,
jellyfin,
wfc,
recorder,
sketchboard,
wpf,
maui,
microsoft,
dotnet-core,
roslyn,
visual-basic,
visual-studio,
decompile,
decompiler,
decompiler-engine,
dotnetcore,
ilspy,
mono,
pdb,
unity,
ado-net,
dapper,
fullcone,
netch,
netfiltersdk,
tun2socks,
avalonia,
avaloniaui,
crossplatform,
linux-app,
steam,
steamtools,
windows-app,
command-and-conquer,
dune-2000,
engine,
game-engine,
openra,
real-time-strategy,
red-alert,
rts,
strategy-game-engine,
tiberian-dawn,
aspnet-product,
dotnet-framework,
dotnet-standard,
entity-framework,
aspnet,
aspnetcore,
bitwarden,
signalr,
sql-server,
beatmap-parser,
osu,
rhythm,
asp,
aspnet-core,
template,
m3u8,
m3u8-downloader,
m3u8-parser,
m3u8dl-cli,
abp,
domain-driven-design,
multi-tenancy,
nlayer-architecture,
activation-toolkit,
activator,
digital-license,
win-10,
win-11,
win10,
win11,
garbage-collector,
jit,
runtime,
desktop-wallpaper,
dynamic-desktop,
dynamic-wallpaper,
live-wallpaper,
rainmeter,
screensavers,
wallpaper,
wallpaper-app,
wallpaper-changer,
wallpaper-engine,
wallpaperengine,
wallpapers,
language-design,
blazor,
saas,
basic,
basic-computer-games,
classic-game,
game-framework,
monogame,
xna,
c-plus-plus,
winforms,
actor-model,
actors,
concurrency,
distributed-actors,
orleans,
archisteamfarm,
crowdin,
steam-account,
steam-api,
steam-cards,
steam-client,
steam-games,
steam-network,
steambot,
steamkit2,
valve,
couchpotato,
duckietv,
indexer,
jackett,
lidarr,
medusa,
mylar3,
nefarious,
newznab,
radarr,
rss-proxy,
sickrage,
sonarr,
torrent,
torznab,
trackers,
nuget,
windows-service,
windows-service-wrapper,
mahapps,
metro,
oss,
wpf-mahapps,
client-only-backup,
cloud-backup,
cloud-storage-services,
duplicati,
tno-backup,
trust-no-one-backup,
background-jobs,
background-thread,
background-worker,
hangfire,
scheduled-jobs,
clean-code,
cqrs,
ddd-architecture,
ddd-cqrs,
ddd-example,
entity-framework-core,
event-sourcing,
monolith,
software-architecture,
curses,
asp-net,
asp-net-core,
cart,
e-commerce,
ecommerce,
ecommerce-platform,
headless,
net6,
shop,
shopping-cart,
sqlserver,
identity,
identityserver4,
oauth2,
openid-connect,
chocolatey,
package-management,
package-manager-tool,
powershell,
software,
software-management,
softwareautomation,
windows-server,
benchmark,
asp-net-core-mvc,
ddd-sample,
efcore,
capture,
keystrokes,
record,
recording,
region-capture,
screen-capture,
screen-recorder,
screencast,
screenshot,
distributed-cache,
dotnet7,
jssdk,
memcached,
net-core,
officialaccounts,
sdk,
senparc,
tenpay,
wechat-sdk,
weixin,
weixin-sdk,
middleware-pipeline,
netstandard20,
ocelot,
first-timers,
fody,
reactive-extensions,
reactive-programming,
tizen,
uwp,
xamarin-forms,
cryptocurrency,
litedb,
nosql,
bittorrent,
movie,
movies,
nzb,
usenet,
mremoteng,
multi-protocol,
rdp,
remote-access,
remote-desktop,
nancy,
nancy-application,
nancyfx,
eartrumpet,
microsoft-store,
mixer,
playback-devices,
pdf-converter,
pdf-document-processor,
pdf-generation,
bogus,
data-access-layer,
data-generator,
fake,
faker,
poco,
seed,
test-data,
git-client,
git-gui,
gitextensions,
actor,
meta,
metaverse,
mmo,
unity3d,
console,
console-tables,
console-visualization,
electron,
electron-net,
jinyong,
modular,
orchard-cms,
orchardcore,
administration,
net,
rat,
remote,
remote-control,
bmp,
exif,
jpeg,
png,
tiff,
net60,
linq,
rx,
unirx,
ffmpeg,
libav,
mirroring,
screen,
sdl2,
graphite,
iot,
netdata,
statsd,
directshow,
facebook-live,
game-capture,
live-streaming,
twitch-tv,
video-recording,
youtube-live,
auto-install,
bootable-usb,
chromeos,
iso-files,
legacy,
multiboot,
persistence,
secure-boot,
uefi,
unattended,
usb,
fft,
hevc,
hls,
matroska,
mp4,
mpeg,
multimedia,
rtsp,
webm,
ijkplayer,
player,
curl,
gopher,
imaps,
ldap,
libcurl,
pop3,
scp,
transfer-data,
transferring-data,
user-agent,
lede,
lua,
openwrt-feed,
openwrt-package,
openwrt-zh-cn,
ag,
command-line-tool,
pcre,
search-in-text,
silver-searcher,
emscripten,
wasm,
webassembly,
bios,
boot,
bootable-drives,
freedos,
gpt,
grub,
grub4dos,
iso,
mbr,
sha256,
syslinux,
windows-to-go,
mplayer,
decryption,
openssl,
deep-io,
io,
unicorns,
velociraptors,
bigdata,
connected-vehicles,
financial-analysis,
industrial-iot,
scalability,
tdengine,
time-series-database,
tsdb,
harmonyos,
huawei,
iot-platform,
kernel,
operating-system,
os,
binary-analysis,
disassembler,
radare2,
cracking,
cuda,
gpgpu,
hashcat,
hashes,
opencl,
password,
embedded,
microcontroller,
micropython,
batch-rename,
disk-usage,
file-preview,
file-search,
filesystem,
ncurses,
raspberry-pi,
wsl,
apache,
gdpr,
goaccess,
google-analytics,
nginx,
web-analytics,
webserver,
algorithm-challenges,
community-driven,
datastructures,
educational,
mathematics,
postgres,
postgresql,
timescaledb,
atmel-avr,
clueboard,
ergodox-ez,
keyboard-firmware,
keyboard-support,
olkb,
qmk,
electron-app,
imap,
mail,
c89,
imgui,
nuklear,
single-header-lib,
cmd,
serial,
telnet,
x11,
xmodem,
xterm,
ymodem,
zmodem,
accelerator,
ack,
arq,
kcp,
low-latency,
quic,
rtc,
rtt,
socket,
srt,
gplv2,
video-transcoding,
tengine,
mcu,
tft,
arduino,
board,
deauth,
deauther,
esp8266,
hack,
scanning,
wifi,
cgo,
webkit,
webui,
crypto,
application-launcher,
dmenu,
dmenu-replacement,
i3,
rofi,
window-switcher,
init,
services,
systemd,
driver,
loopback,
virtual-audio-cable,
darwin,
efi,
freebsd,
libc,
netbsd,
openbsd,
polyglot,
zip,
document-management,
file-sync,
knowledge-management,
wiki,
opengl,
opengl-es,
vulkan,
esp-idf,
esp32,
platformio,
pdf-viewer,
win32,
glsl,
minecraft,
multiplayer,
php,
redis-cluster,
mobile-database,
sqlcipher,
wxwidgets-applications,
dvcs,
libgit2,
version-control,
turn,
file-system,
openzfs,
system-software,
str8c,
tox,
codec,
ffmpeg-libraries,
transcode-video,
convert,
imagemagick,
magick,
resize,
monitor-performance,
performance-monitoring,
performance-tuning,
process-manager,
process-monitor,
processhacker,
profiling,
system-informer,
system-monitor,
systeminformer,
hook,
preload,
proxychains,
distributed-file-storage,
distributed-file-system,
storage-servers,
api-server,
elixir,
clickhouse,
marketing,
phoenix,
plausible-analytics,
statistics,
website-analytics,
website-stats,
dev,
emacs-lisp,
erlang,
haskell,
lisp,
ocaml,
projects,
ruby,
cdc,
change-data-capture,
crdt,
phoenix-framework,
chat-widget,
customer-support,
drift,
elixir-phoenix,
gdpr-compliant,
help-desk,
intercom,
livechat,
zendesk,
code-analysis,
credo,
elixir-lang,
style-guide,
styleguide,
absinthe,
apollo-client,
relay,
devsecops,
liveview,
network-security,
rust-lang,
virtual-network,
vpn-server,
wireguard,
wireguard-ui,
wireguard-vpn,
home-automation,
openstreetmap,
phoenix-liveview,
srtm,
tesla,
tesla-api,
collaborative,
notebooks,
visualization,
guardian,
jwt-tokens,
plug,
hackers,
podcasting,
hackney,
numerical,
tensor,
xla,
cron,
crontab,
crontab-format,
quantum,
scheduler,
sharing,
broadway,
concurrent,
data-ingestion,
data-processing,
genstage,
nerves,
elixir-libraries,
json-library,
koans,
bamboo,
css-selector,
css-selectors,
fast-html,
floki,
html-parser,
html5ever,
myhtml,
ecto,
factories,
factory-definitions,
ibrowse,
clustering,
erlang-distribution,
commanded,
cqrs-es,
cqrs-framework,
eventstore,
datetime,
message-passing,
transpiler,
company-profile,
elixir-programming-language,
joblist,
jobs,
dialyzer,
mix-tasks,
authorization,
oauth,
ueberauth,
user-management,
wallaby,
appveyor,
bors,
travis-ci,
exq,
job-queue,
resque,
sidekiq,
expiration,
lru,
transactions,
argon2,
bcrypt,
pbkdf2,
extensible,
graphs,
microbenchmarks,
hex,
package,
code-smells,
elixir-examples,
software-quality,
elixir-http,
elixir-language,
google-protocol-buffers,
grpc-elixir,
nx,
optimizers,
admin-dashboard,
attachment,
s3-storage,
algebra,
algebraic-data-types,
applicative,
category,
functor,
monad,
operators,
traversable,
type-class,
process-registry,
supervisor,
debug-adapter-protocol,
language-server,
lsp,
distributedcache,
pusher,
elixir-library,
redis-client,
redis-pubsub,
redis-sentinel,
dailydrip,
elixirsips,
forum,
kickstarter,
farmbot,
membrane,
membrane-framework,
streaming-api,
streaming-audio,
streaming-video,
absinthe-graphql,
gettext,
otp,
bot-framework,
chat-bot,
chatbot-framework,
chatops,
cog,
hipchat,
unix-pipes,
dummy,
fake-content,
seeding,
accent,
emberjs,
i18n,
admin,
media-player,
media-server,
midarr,
ligatures,
programming-ligatures,
bi,
business-intelligence,
businessintelligence,
metabase,
reporting,
sql-editor,
clojurescript,
ux-design,
ux-experience,
knowledge-base,
knowledge-graph,
local-first,
note-taking,
org-mode,
pkm,
clojure-development,
lighttable,
memex,
notetaking,
tools-for-thought,
re-frame,
reagent,
datascript,
memory-database,
hiccup,
events,
monitoring-tool,
riemann,
ring,
messenger,
react-native-app,
reactnative,
wallet,
babashka,
scripting,
shell-scripting,
clojurescript-repl,
figwheel,
repl,
docker-containers,
docker-devops,
docker-stack,
docker-swarm-ui,
mobile-friendly,
stack,
swarm-mode,
swarmpit,
pedestal,
bitemporal,
datalog,
document-database,
immutable-store,
temporal,
xtdb,
batch,
cljs,
hot-reload,
lumo,
boot-clj,
build-tool,
ajax,
edn,
epl,
http-kit,
immutant,
taoensso,
transit,
closh,
graalvm-native-image,
functional-languages,
jvm-languages,
macros,
types,
datahike,
freesoftware,
kustomize,
data-driven,
full-stack,
reactjs,
web-application-development,
slf4j,
nlu,
css-compiler,
live-programming,
moldable-development,
server-side,
interceptors,
metosin-active,
swagger,
coercion,
error-messages,
generators,
inferring-schemas,
modelling,
transformation,
validation,
visualizing-schemas,
om,
integrant,
clojure-spec,
metosin-inactive,
openapi,
schema,
chrome-devtools,
clojurescript-developers,
devtools,
jepsen,
interpreter,
big-data,
jdbc,
datamapper,
prisma1,
object-oriented-programming,
scala-compiler,
scala-library,
scala-programming-language,
chess,
free-software,
lichess,
non-profit,
play-framework,
type-safe,
akka,
predictionio,
jvm,
play,
playframework,
webapps,
cluster-management,
kafka,
gitbucket,
scalatra,
finagle,
thrift,
zipkin,
data-collection,
data-pipeline,
marketing-analytics,
product-analytics,
snowplow,
snowplow-events,
snowplow-pipeline,
openwhisk,
serverless-architectures,
gatling,
loadtesting,
netty,
acid,
delta-lake,
linkerd,
dotty,
epfl,
scala3,
sbt,
zinc,
scala-native,
scalajs,
scalaz,
javascript-compiler,
chronos,
chronos-scheduler,
cron-jobs,
fault-tolerance,
job-scheduler,
mesos-framework,
mesosphere,
aot,
native,
dcos,
dcos-orchestration-guild,
apache-spark,
azure,
cognitive-services,
databricks,
lightgbm,
model-deployment,
opencv,
pyspark,
synapse,
asynchronicity,
asynchronous-programming,
concurrent-data-structure,
concurrent-programming,
effects,
queues,
stm,
streams,
zio,
spark-streaming,
sparkcore,
structured-streaming,
fp,
generic-programming,
typelevel,
chisel3,
microarchitecture,
risc-v,
albert,
entity-extraction,
language-detection,
lemmatizer,
part-of-speech-tagger,
spark-ml,
spell-checker,
xlnet,
chip-generator,
chisel,
firrtl,
rtl,
verilog,
agplv3,
analyzer,
cortex,
dfir,
digital-forensics,
incident-management,
incident-response,
incident-response-tooling,
investigations,
iocs,
misp,
platform,
security-incidents,
thehive,
spark-jobserver,
dataquality,
lagom,
atmosphere,
scalate,
sinatra,
cats,
shapeless,
wire,
riscv,
rocket-chip,
beam,
bigquery,
dataflow,
google-cloud,
scio,
fs2,
generic-derivation,
guice,
twitter-server,
stream,
streaming-computation,
automated-machine-learning,
automl,
einstein,
estimators,
feature-engineering,
features,
pipelines,
salesforce,
sparkml,
structured-data,
transformations,
transmogrification,
transmogrify,
amazon-sqs,
aws-sqs,
elasticmq,
sqs-interface,
cassandra,
sparksql,
sbt-plugin,
sangria,
cats-effect,
monix,
reactive-streams,
property-testing,
scalacheck,
scalameta,
build-system,
mill,
mill-plugin,
cdh6,
elasticsearch,
flink,
hadoop,
hbase,
hive,
kibana,
kylin,
springboot,
szt-bigdata,
giter8,
data-engineering,
personalization,
ranking,
mlsql,
sql-like-dsl,
flix,
imperative,
circe,
refinement-types,
finch,
data-binding,
dom,
front-end,
fxml,
javafx,
reactive-frameworks,
lens,
deb,
native-packages,
rpm,
sbt-docker,
data-lake,
spark-sql,
jupyter-kernels,
data-quality,
feature-governance,
feature-management,
feature-marketplace,
feature-metadata,
feature-platform,
feature-store,
mlops,
deno,
works-with-clojurescript,
works-with-construct,
works-with-elm,
works-with-flutter,
works-with-gatsby,
works-with-mint,
works-with-phaser,
works-with-quasar,
works-with-react,
works-with-reason,
works-with-svelte,
works-with-vue,
works-with-yew,
terminal-emulators,
vte,
tool,
anydesk,
dart,
flutter,
flutter-apps,
flutter-desktop,
flutter-examples,
flutter-mobile,
flutter-ui,
flutter-web,
teamviewer,
vnc,
wayland,
grep,
recursively-search,
regex,
ripgrep,
beginner-friendly,
rustlings,
app-search,
customizable,
easy-to-use,
enterprise-search,
faceting,
full-text-search,
geosearch,
instantsearch,
out-of-the-box,
search-as-you-type,
site-search,
synonyms,
typo-tolerance,
fish-prompt,
fish-theme,
oh-my-zsh,
shell-prompt,
starship,
zsh-prompt,
zsh-theme,
asmjs,
elm,
webworkers,
babel,
ecmascript,
ecmascript-parser,
swc,
typescript-compiler,
typescript-parser,
bitwarden-rs,
rocket,
vaultwarden,
toolchain,
bevy,
ls,
minimalist,
oversubscription,
sandbox,
virtual-machine,
virtualization,
monorepo,
turbopack,
kakoune,
backend-as-a-service,
cloud-database,
database-as-a-service,
iot-database,
realtime-database,
surreal,
surrealdb,
renderer-agnostic,
widget,
index,
infrastructure,
search-server,
x86,
application,
desktop-app,
gpt-3,
notes-app,
openai,
tauri,
actix,
actix-web,
color-themes,
delta,
diff,
git-delta,
pager,
syntax-highlighter,
cube,
headless-bi,
presto,
semantic-layer,
wasi,
wasmer,
spotify-api,
spotify-tui,
terminal-based,
dataframe,
dataframe-library,
dataframes,
out-of-core,
tree-sitter,
busybox,
coreutils,
gnu-coreutils,
learn,
programming-courses,
rust-book,
rust-course,
rust-learn,
rust-learning,
rust-study,
study,
python-language,
forwarder,
logs,
pipeline,
stream-processing,
vector,
rocksdb,
tikv,
cheatsheets,
snippet,
snippets,
command-line-interface,
mdbook,
rust-programming-language,
cranelift,
standalone,
wasmtime,
reimplementation,
swf,
lsp-server,
linux-desktop,
mac-desktop,
no-electron,
wry,
hyper,
chromium,
incremental,
sast,
static-analyzers,
static-code-analysis,
argument-parser,
argument-parsing,
command-line-parser,
parsed-arguments,
positional-arguments,
aarch64,
arm64,
armv8,
bare-metal,
embedded-rust,
raspberry,
raspberry-pi-3,
raspberry-pi-4,
rpi3,
rpi4,
reasonml,
markdown-to-html,
site-generator,
tera,
multiplexer,
workspace,
ledger,
performance-blockchain,
rustc,
solana,
query-builder,
cargo,
performance-analysis,
profiler,
cleaner,
duplicates,
gtk-rs,
similar-images,
similar-music,
similar-videos,
skia,
autojump,
elvish,
fasd,
fish-shell,
jump,
nushell,
xonsh,
xontrib,
z,
classroom,
guide,
training-materials,
nmap,
port,
security-tools,
color,
icons,
nerd-fonts,
pep8,
ruff,
rustpython,
daemon,
spotifyd,
pingcap,
talent-plan,
balanced-bfs-descent,
fuzzy-search,
await,
mariadb,
mssql,
adb,
debloat,
parity,
polkadot,
substrate,
badge,
cloc,
sloc,
tokei,
byte-array,
grammar,
nom,
parse,
parser-combinators,
binding,
ffi,
python-c-api,
bandwidth,
checklists,
jenkins,
mongo,
questions,
ansible,
audit,
devops-team,
devops-tools,
operations,
ops,
runbook,
rundeck,
sre,
aar,
fat-aar,
fataar,
merge-aar,
internet-of-things,
smartapp,
smartthings,
upnp,
zigbee,
zwave,
bioinformatics,
groovy,
hello,
hpc,
nextflow,
pipeline-framework,
reproducible-research,
reproducible-science,
sge,
singularity,
singularity-containers,
slurm,
workflow-engine,
bintray,
novoda,
release-automation,
hactoberfest,
pipelines-as-code,
okcoin,
gradle-release,
role,
apksize,
optimize,
coverage,
coverage-report,
espresso,
maven,
spock,
colours,
logger,
octo-correct-managed,
aop,
bytecode,
gradle-docker,
gradle-docker-plugin,
arc42,
asciidoctor,
asciidoctor-diagram,
asciidoctor-pdf,
confluence,
docs-as-code,
enterprise-architect,
generate-code,
declarative-pipeline,
jenkins-pipeline,
tomcat,
release,
semantic-versioning,
npm,
pnpm,
yarn,
dictionaries,
hunspell,
morfologik,
pos-tag-dictionary,
jgit,
disaster-response,
grails,
inventory-management,
shipment-tracking,
warehouse-management,
job-dsl,
fabric8-pipeline,
openshift,
script-console,
android-lint,
checkstyle,
detekt,
findbugs,
pmd,
gcp,
jacoco,
junit,
unused-resources,
config-management,
ssh-client,
laravel,
bundle,
php-framework,
symfony,
symfony-bundle,
composer,
dependency-manager,
packages,
decentralized,
enterprise,
federation,
nextcloud,
opensource,
owncloud,
self-hosting,
usability,
psr-3,
family,
friends,
prm,
social,
php7,
php8,
growth,
intranet,
log,
matomo,
piwik,
ast,
markdown-parser,
yii,
yii2,
flarum,
content,
content-management,
doctrine,
flat-file,
grav,
twig,
website-builder,
website-generation,
gd,
imagick,
intervention,
manipulation,
thumbnail,
watermark,
cachet,
statuspage,
web-application,
error-handling,
errors,
php-errors,
whoops,
filesystem-library,
thephpleague,
configuration,
dotenv,
environment,
environment-variables,
hg,
phabricator,
svn,
acorn,
blade,
sage,
wordpress,
wordpress-laravel,
wordpress-starter-theme,
wordpress-theme,
guid,
identifiers,
uid,
uuid,
gnumeric,
libreoffice,
msexcel,
ods,
office,
phpexcel,
spreadsheet,
sylk,
xls,
xlsx,
code-standards,
code-style,
phpstan,
static-analyzer,
laravel-admin,
voyager,
laravel-5-package,
laravel-package,
phpoffice,
docker-tutorial,
lab,
bookstack,
selfhosted,
permission,
secure,
emailvalidator,
validator,
cmf,
cms-platform,
octobercms,
model-form,
model-grid,
model-show,
model-tree,
ext-phalcon,
phalcon,
phalcon-extension,
phalcon-framework,
php-extension,
magento,
magento2,
mockery,
phpunit,
stub,
test-doubles,
socket-server,
timer,
ws,
wss,
device-detection,
mobile-detect,
mobile-redirects,
user-agents,
easywechat,
coding-standards,
budget,
budgeting,
budgets,
cash-flow,
cashflow,
credit-card,
expenses,
finance,
finances,
financial,
money,
paycheck,
personal-finance,
deploy,
provision,
typecho,
emails,
mailer,
psysh,
dompdf,
html-to-pdf,
cli-command,
component,
symfony-component,
docblocks,
bitly,
short-url,
shorten-urls,
shortener,
url-shortener,
url-shortner,
yourls,
typeresolver,
ibm-db2,
oracle,
aspx,
jsp,
jspx,
pl,
webshell,
webshell-sniper,
adult,
adult-video,
avmoo,
guzzlehttp,
javbus,
javlibrary,
magnet,
magnet-link,
cakephp,
form-builder,
mvc-framework,
psr-7,
rapid-development,
reactphp,
http-messages,
automattic,
woocommerce,
event-dispatcher,
event-listener,
psr-14,
finder,
iterator,
csprng,
php5,
polyfill,
random,
random-bytes,
random-generation,
random-int,
randomization,
randomness,
federated,
read-it-later,
symfony-application,
wallabag,
route,
thinkphp,
lumen,
asset-manager,
assets-management,
itam,
license-management,
debug,
predis,
julia,
julia-language,
science,
scientific,
designed-for-teachers,
exploration,
interactive,
pluto-notebooks,
flux,
the-human-brain,
dae,
dde,
delay-differential-equations,
differential-algebraic-equations,
differential-equations,
differentialequations,
dynamical-systems,
neural-differential-equations,
ode,
partial-differential-equations,
pde,
scientific-machine-learning,
sciml,
sde,
spde,
stochastic-differential-equations,
stochastic-processes,
computational-thinking,
low-code,
webframework,
conic-programs,
linear-programming,
mathematical-modelling,
mathematical-programming,
mixed-integer-programming,
modeling-language,
nonlinear-programming,
optimization,
semidefinite-programming,
gadfly,
ggplot2,
bayesian-neural-networks,
bayesian-statistics,
hamiltonian-monte-carlo,
hmc,
mcmc,
probabilistic-graphical-models,
probabilistic-inference,
probabilistic-models,
turing,
differentiable-programming,
gen,
robotics,
ensemble-learning,
predictive-modeling,
regression,
stacking,
tuning,
tuning-parameters,
data-frame,
datasets,
tabular-data,
automatic-differentiation,
control-flow,
gradient,
julia-compiler,
awesome-lists,
julialang,
scientific-computing,
interoperability,
packagecompiler,
decision-making-under-uncertainty,
quine,
sorting,
acausal,
computer-algebra,
equation-based,
ordinary-differential-equations,
symbolic,
symbolic-computation,
symbolic-numerics,
cas,
computer-algebra-system,
parallel-computing,
symbolic-computing,
alphazero,
plots,
unicode,
reloading,
probability-distributions,
optim,
unconstrained-optimisation,
unconstrained-optimization,
wrapper,
model-zoo,
highlight,
katex,
latex,
ssg,
dsge,
economics,
macroeconomics,
statistical-models,
juliadb,
parallelism,
climate,
climate-change,
data-assimilation,
fluid-dynamics,
ocean,
quantum-algorithms,
quantum-circuit,
quantum-computing,
quantum-information,
unitaryhack,
yao,
neural-dde,
neural-jump-diffusions,
neural-ode,
neural-pde,
neural-sde,
neural-sdes,
physics-informed-learning,
pinn,
scientific-ai,
scientific-ml,
stiff-ode,
calculus,
literate-programming,
scientific-reports,
scientific-workflows,
online-algorithms,
onlinestats,
stochastic-approximation,
streaming-data,
clang,
cxx,
magic,
project-assistant,
science-research,
setup-tool,
simulations,
attractor,
chaos,
delay-coordinates,
dimension,
entropy,
lyapunov,
nonlinear,
nonlinear-dynamics,
physics,
graph-algorithms,
graph-analytics,
graph-generation,
graph-theory,
lightgraphs,
documentation-generator,
julia-repl,
loops,
simd,
vectorizing-loops,
control-systems,
markov-decision-processes,
mdps,
pomdps,
reinforcement-learning-algorithms,
error-detection,
performance-engineering,
fastai,
abm,
agent-based-framework,
agent-based-modeling,
agent-based-simulation,
agents,
cellular-automata,
heterogeneous-agent-model,
individual-based-modelling,
simulation,
simulation-framework,
glm,
einsum,
notation,
applied-category-theory,
compositionality,
string-diagrams,
wiring-diagrams,
2d-graphics,
cairo,
diagrams,
luxor,
turtle-graphics,
vector-graphics,
summarization,
finite-elements,
gridap,
numerical-methods,
pdes,
convex-optimization,
solver,
chinese-translation,
unitful,
units,
units-of-measure,
deep-q-network,
approximation,
equation,
julia-library,
latex-maths,
algorithmic-differentiation,
global-optimization,
local-optimization,
cst,
formatting,
quantum-mechanics,
quantum-optics,
quantum-toolbox,
pattern-matching,
symbolic-manipulation,
symbolic-math,
dataframesmeta,
charting,
dash,
gui-framework,
modeling,
no-javascript,
no-vba,
plotly-dash,
technical-computing,
web-app,
hdf5-implementations,
jld2,
grid,
interpolation,
splines,
automatic-control,
bode-plot,
control-theory,
controls,
delay-systems,
discrete-systems,
feedback-controller,
feedback-systems,
kalman-filter,
laplace-transform,
lqg-controller,
lqr-controller,
lti-system,
model-reduction,
nyquist-diagrams,
pid-control,
riccati-equations,
interview-preparation,
javascript-algorithms,
js,
virtual-reality,
webaudio,
webgl,
webgl2,
webgpu,
webxr,
eslint,
jest,
mocha,
nodejs-development,
html5-charts,
concepts,
es6-javascript,
javascript-closures,
javascript-engines,
javascript-programming,
primitive-types,
cms-framework,
hacktoberfest2022,
headless-cms,
jamstack,
koa,
koa2,
strapi,
aws-dynamodb,
aws-lambda,
azure-functions,
google-cloud-functions,
serverless-framework,
meteor,
zero-configuration,
admin-panel,
admin-template,
bootstrap,
assets,
module-bundler,
modules,
dark-mode,
element-ui,
focus-mode,
marktext,
next-generation,
typewriter-mode,
css-questions,
front-end-development,
front-end-interview,
front-end-system-design,
html-questions,
interview-test,
js-questions,
quill,
single-page-app,
socket-io,
uptime,
uptime-monitoring,
immer,
offline-first,
react-boilerplate,
redux-saga,
styled-components,
webpack4,
commit,
hooks,
pre-commit,
webtorrent,
altcoin,
arbitrage,
btc,
exchange,
invest,
market-data,
merchant,
strategy,
api-client,
api-design,
apis,
oas,
openapi-specification,
webapi,
fe-interview,
frontend-interview,
browser-extension,
quasar-framework,
vue-component,
vue-components,
vue3,
vuejs3,
ramda,
smart-contracts,
caffe,
caffe2,
coreml,
darknet,
paddle,
tensorflow-lite,
torch,
visualizer,
normalize,
normalizr,
hapi,
contributions-welcome,
opensource-alternative,
responsive-web-design,
embeddable,
embedded-database,
localstorage,
lodash,
drag-and-drop,
dom-apis,
jsdom,
foss,
kanban,
sandstorm,
snapcraft,
wekan,
creditcard,
input,
input-mask,
telephone-number,
javascript-library,
prompt,
devp2p,
embark,
oreilly,
token,
truffle-framework,
web3js,
es2015,
string,
yahoo-finance,
event-tracking,
pageview-tracking,
government,
open-data,
ai-blocs,
angularjs,
highcharts,
highcharts-ng,
highstock,
react-lite,
apollo,
auth,
expo,
ngrx,
starterkit,
universal,
ui-library,
interactive-globes,
topojson,
dubbo,
ibase4j,
motan,
mybatis,
quartz,
redisson,
session,
shiro,
spring,
spring-boot,
spring-data-redis,
spring-mvc,
spring-session,
springmvc,
springsession,
commonmark,
document,
markup,
pandoc,
presentation,
automatic-api,
pg,
pgsql,
postgrest,
dockerfile-linter,
shellcheck,
alt-js,
purescript,
typed-language,
unison,
unison-language,
typed,
nix,
stake-blockchain-protocol,
evaluation,
functional-language,
haskel,
hindley-milner,
intermediate-representation,
lambda-calculus,
pdf-book,
type,
type-checking,
type-inference,
type-system,
x11-wm,
eta,
algebraic-effects,
effect-handlers,
handler,
koka,
double-ratchet,
e2ee,
article-series,
functional-programming-examples,
ghc,
haskell-ide,
bounties,
bounty,
console-application,
haskell-application,
hledger,
plain-text,
plain-text-accounting,
plaintext,
plaintext-accounting,
prisma,
wasp,
cabal,
haskell-language-server,
ghcjs,
miso,
ramen,
virtual-dom,
agda,
dependent-types,
proof-assistant,
boom,
futhark,
slides,
slideshow,
solc,
integrated-development-environment,
programmer-tool,
projectional-editor,
structure-editor,
wytiwys,
kanban-board,
task-manager,
trello,
vim-keybindings,
arch-linux,
aura,
pacman,
hackage,
xdg,
xdg-basedir,
xdg-compliance,
zettelkasten,
deep-neural-networks,
vty,
cardano,
dapps,
plutus,
plutus-pioneer-program,
asic,
fpga,
hardware-description-language,
systemverilog,
vhdl,
codeworld,
fiddle,
k12,
3d-printing,
csg,
openscad,
sdfs,
animated-gifs,
appimage,
fedora,
gif-library,
gif-maker,
gifmaker,
gifs,
gstreamer,
gtk,
ubuntu,
open-source-licensing,
smt,
halvm,
lightweight-virtual-machines,
xen,
xen-hypervisor,
2d,
development-tools,
emacs,
reflex-frp,
concatenative,
forth,
static-types,
data-flow-analysis,
kaleidoscope,
llvm-bindings,
llvm-tutorial,
todo,
tracking,
brick,
mattermost-chat,
builder-pattern,
factory-pattern,
function-composition,
functors,
gof-patterns,
iterator-pattern,
monad-transformers,
monoids,
pattern-language,
reader-monad,
strategy-pattern,
typeclassopedia,
careers,
teachers,
books,
resource,
productivity-tools,
coding-interview,
coding-interviews,
interview-prep,
programming-interviews,
software-engineering,
study-plan,
fuzz-testing,
lists,
angular-roadmap,
backend-roadmap,
blockchain-roadmap,
dba-roadmap,
developer-roadmap,
devops-roadmap,
frontend-roadmap,
go-roadmap,
java-roadmap,
javascript-roadmap,
nodejs-roadmap,
python-roadmap,
qa-roadmap,
react-roadmap,
software-architect-roadmap,
vue-roadmap,
dataset,
public,
public-api,
public-apis,
interview-practice,
declarative,
tutorial-code,
tutorial-exercises,
book-series,
closures,
prototypes,
training-providers,
cpp,
collections,
python-framework,
python-resources,
oh-my-zsh-plugin,
oh-my-zsh-theme,
ohmyzsh,
plugin-framework,
plugins,
themes,
zsh-configuration,
algorithms-implemented,
algos,
practice,
searches,
sorting-algorithms,
sorts,
app-framework,
dart-platform,
flutter-package,
fuchsia,
visual-studio-code,
courses,
arrow-functions,
es2016,
es2017,
es2018,
naming-conventions,
style-linter,
tc39,
hosting,
dynamic-programming-algorithm,
kmp,
learning-resources,
snippets-collection,
v8,
works-with-codespaces,
hybrid,
nextjs,
server-rendering,
vercel,
build-tools,
promise,
beginner-project,
webdevelopment,
guidelines,
hacks,
howtos,
manuals,
one-liners,
pentesters,
search-engines,
security-researchers,
sysops,
typechecker,
windows-console,
windows-terminal,
algorithm-interview,
algorithm-interview-questions,
behavioral-interviews,
web-performance,
react-components,
ant-design,
antd,
ui-kit,
flax,
language-model,
language-models,
model-hub,
nlp-library,
pytorch-transformers,
speech-recognition,
headless-chrome,
node-module,
axios,
element,
management-system,
tinymce,
vue-admin,
vue-cli,
vuex,
principles,
snippets-library,
inheritance,
ember,
storybook,
svelte,
web-components,
leetcode-c,
leetcode-java,
svg-icons,
svg-sprites,
webfont,
meetup,
papers,
read-papers,
theory,
cc-by,
novice,
models,
views,
advanced-java,
distributed-search-engine,
doocs,
eureka,
feign,
high-availability,
high-concurrency,
hystrix,
ribbon,
spring-cloud,
springcloud-config,
free-for-developers,
utility-classes,
hellogithub,
install,
lts,
nvmrc,
posix-compliant,
checklist,
front-end-developer-tool,
elk,
rabbitmq,
spring-security,
springcloud,
swagger-ui,
presentations,
autograd,
nvim,
applications,
coding,
ideas,
amd,
javascript-modules,
werkzeug,
sdwebimage,
wechat-macos,
wechat-plugin,
weixin-plugin,
threadsafe,
google-maps,
refresh,
alfred-workflow,
tweak,
cocoalumberjack,
lumberjack,
navigator,
react-native-navigation,
diffing,
instagram,
hud,
progress,
svprogresshud,
hotfix,
jsbridge,
jspatch,
objc-runtime,
boilerplate,
jsqmessagesviewcontroller,
message,
viewcontroller,
hammerspoon,
irc,
mjolnir,
sequelpro,
launchbar-action,
no-revoke,
norevoke,
revoke,
wechat-launchbar,
wechat-plugin-macos,
wechat-tweak,
wechathook,
wechattweak,
wechattweak-macos,
weixin-tweak,
array,
dictionary,
aspects,
objectivec,
analyze,
sourcecode,
aria2,
imagepicker,
imagepickercontroller,
imagepickerview,
photokit,
uiimagepickercontroller,
videopicker,
purelayout,
directories,
domain-sockets,
filter,
ip-sockets,
lsof,
open-files,
pipes,
sloth,
floating-labels,
pod,
ipad,
iphone,
offline,
reachability,
wwan,
controlview,
custom,
animation-library,
darkmode,
ios13,
lottie,
lottie-ios,
storyboard,
tabbar,
tabbarcontroller,
view,
xib,
xcode-plugin,
xcodebuild,
autotype,
kdbx,
keepass,
macpass,
password-manager,
update,
iosopendev,
ipa,
theos,
coverletter,
latex-template,
overleaf,
sharelatex,
tex,
latex-beamer-theme,
device-driver,
linux-kernel,
linux-kernel-driver,
linux-kernel-module,
lkm,
lkmpg,
matlab,
eisvogel,
koma-script,
markdown-to-pdf,
pandoc-template,
filetype-plugin,
vim-plugin,
vimtex,
nerf,
ctan,
latex-thesis-template,
thuthesis,
tsinghua,
tsinghua-university,
resume-template,
chinese-academy,
ucas,
ucasthesis,
pdf-generator,
pdflatex,
shanghai-jiao-tong-university,
sjtu,
sjtuthesis,
thesis-template,
xelatex,
neural-machine-translation,
statistical-machine-translation,
haskell-book,
network-embedding,
paper-list,
bib,
music-genre-classification,
music-information-retrieval,
research,
computer-systems,
reading-list,
awsome,
domain-adaptation,
transfer-learning,
dart-language,
language-changes,
specification,
bookdown,
cookbook,
probability,
classic,
cv-template,
infographic,
job,
algorithms-explained,
dsa,
googlecolab,
leetcode-algorithms,
leetcode-problem-catalog,
zhejiang-university,
zjuthesis,
exercises-solutions,
gitbook,
mastg,
masvs,
mstg,
owasp,
penetration-tests,
security-audit,
security-standards,
standard,
latex-class,
latex3-development,
boulder,
cu,
hut23,
hut23-270,
hut23-396,
knowledge-embedding,
class,
clean,
gayle,
mcdowell,
mcdowell-cv,
neat,
tidy,
bookdesigns,
document-design,
template-latex,
tufte,
tufte-latex,
tufte-style,
medical-imaging,
medical-informatics,
ctex,
latex-template-cn,
latex-kernel,
tikz,
journal,
r-package,
rmarkdown,
awk,
awkbook,
handbook,
ustc,
text-mining,
tidyverse,
cvpr,
poster,
thesis-latex-template,
proof-of-stake,
tendermint,
dnd,
dnd5e,
dungeons-and-dragons,
rpg,
dissertation,
data-visualisation,
visualisation,
rstats,
rstudio,
shiny,
data-manipulation,
complex-networks,
disease-networks,
historical-networks,
network-science,
network-visualization,
political-networks,
semantic-networks,
sna,
social-network-analysis,
d3js,
package-creation,
dynamic-documents,
knitr,
sweave,
ggplot-extension,
nyc,
nyc-taxi-dataset,
transition,
gradient-boosting-machine,
h2o,
random-forest,
xgboost,
cran,
human-cell-atlas,
single-cell-genomics,
single-cell-rna-seq,
color-palette,
plot,
wes-anderson-palettes,
bayes-factors,
effect-size,
hypothesis-testing,
non-parametric-statistics,
regression-models,
statistical-analysis,
docx,
rtf,
summary-tables,
teaching,
graph-functions,
network-graph,
property-graph,
addin,
rstudio-addin,
feature-selection,
hyperparameters-optimization,
imbalance-correction,
learners,
mlr,
multilabel-classification,
survival-analysis,
blogdown,
web-scraping,
tidy-data,
drake,
high-performance-computing,
makefile,
peer-reviewed,
ropensci,
workflow,
plumber,
gdal,
geo,
geos,
geospatial,
geospatial-data,
mapping-tools,
mappings,
postgis,
raster,
rspatial,
simple-features,
spatial,
ggplot2-themes,
data-cleaning,
dirty-data,
spss,
tabulations,
brms,
multilevel-models,
stan,
text,
forecast,
ozunconf18,
unconf,
graph-visualization,
fwf,
dplyr,
livy,
remote-clusters,
sparklyr,
distributed-computing,
futures,
hpc-clusters,
parallel-processing,
parallelization,
dataanalytics,
easystats,
performance-metrics,
copypaste,
tibble,
plotting-in-r,
texlive,
colorpalette,
museums,
aic,
loo,
mixed-models,
r2,
generative-art,
generativeart,
paged-media,
printing,
typesetting,
shiny-apps,
shiny-r,
shinyapps,
google-sheets,
glove,
latent-dirichlet-allocation,
topic-modeling,
vectorization,
word-embeddings,
word2vec,
gt,
summary-statistics,
table1,
tableone,
financial-data,
financial-statements,
multiple-stocks,
performanceanalytics,
quantmod,
stock-exchanges,
stock-indexes,
stock-lists,
stock-performance,
stock-prices,
stock-symbol,
timeseries,
xts,
corpus,
quanteda,
text-analytics,
palettes,
mlr3,
setup,
enrichment-analysis,
gsea,
kegg,
adstocking,
budget-allocation,
cost-response-curve,
econometrics,
evolutionary-algorithm,
gradient-based-optimisation,
marketing-mix-modeling,
marketing-mix-modelling,
marketing-science,
mmm,
ridge-regression,
datavisualization,
square-pie-charts,
waffle-charts,
human-vision,
object-recognition,
psychophysics,
texture,
file-management,
vim-plugins,
tabline,
vim-airline,
gopls,
lps,
vim-go,
viml,
help,
tips,
tricks,
vim-scripts,
languageclient,
neovim-plugin,
syntax-checker,
lint-checking,
linters,
syntax-checking,
learn-in-public,
til,
today-i-learned,
writing,
spacevim,
tutor,
gitgutter,
personal-organizer,
vimwiki,
macvim,
vim-easymotion,
lightline,
emmet,
exuberant-ctags,
tagbar,
language-packs,
eye-candy,
filetype,
glyph-icons,
nerdtree,
start,
startup,
k-vim,
solarized,
vim-configuration,
vimrc,
ycm,
comment,
commenting,
goyo,
indentline,
macosx,
vimplus,
colorscheme,
dark-syntax-theme,
vim-colorscheme,
debugging,
tcl,
dein,
plugin-manager,
editorconfig,
editorconfig-plugin,
space-vim,
spacemacs,
vim-beginners,
vim-distribution,
vimrc-configuration,
cursor,
multiple-cursors,
instant,
asyncomplete,
vim-lsp,
vim8,
test-runner,
checker,
neomake,
accurev,
bazaar,
cvs,
darcs,
fossil-scm,
mercurial,
perforce,
rcs,
signs,
subversion,
tfs,
vcs,
vimscript-4504,
text-object,
text-objects,
colors,
gvim,
color-theme,
nord,
syntax-theme,
ui-design,
vim-colors,
ctags,
vim-indent,
floating-window,
vim-terminal,
airline,
iceberg,
talk,
spring-framework,
guava,
activiti,
ant-design-vue,
jbpm,
jeecg,
jeecgboot,
vben,
bar,
encode,
encrypt,
eventbus,
fragment,
reflect,
spannable-string,
thread-pool,
basic-java,
jxl,
oom,
poi,
halo,
halocms,
wordpress-alternative,
branch-transactions,
data-consistency,
distributed-transaction,
dtx,
fescar,
gts,
saga,
seata,
tcc,
tcc-transaction,
transaction-manager,
xa,
alibaba,
rate-limiting,
reliability,
bazel,
correct,
multi-language,
scalable,
termux,
miniapp,
mockgps,
eventing,
rocketmq,
exoplayer,
videocache,
finchley,
hystrix-dashboard,
hystrix-turbine,
sleuth,
springbootadmin,
zuul,
dynamic,
java-8,
lambda-expressions,
parallel-streams,
json-logging,
logcat,
pretty-printer,
timber,
luban,
adapterview,
arms,
density,
mvparms,
screenadapter,
android-image-picker,
android-image-selector,
video-selector,
notes,
source-code-analysis,
compress,
glide,
image-picker,
multi-selector,
photo,
photoview,
picker,
picture-selector,
mybatis-plugin,
sourcecode-analysis,
crop,
rotation,
nosql-database,
configuration-management,
coordination,
distributed-configuration,
zab,
fullstack-developer,
java-interview,
skill-tree,
careercup,
cracking-the-coding-interview,
okgo,
questdb,
data-catalog,
data-discovery,
datahub,
linkedin,
apk-parser,
classyshark,
dex,
jar,
multidex,
ultimaterecyclerview,
frameworkbenchmarks,
suite,
closure-compiler,
typechecking,
push-notifications,
device-sensors,
monitoring-service,
prototype-android-application,
sensor,
ansj,
bookreader,
bookshelf,
epub,
okhttp3,
reader,
retrofit2,
txt,
numberprogressbar,
prgressbar,
spring-cloud-alibaba,
spring-cloud-gateway,
spring-cloud-loadbalancer,
cheet-sheet,
java-to-kotiln,
oai,
spring-data-rest,
springfox,
graphql-java,
java8,
netty4,
ssm,
android-github,
fasthub,
github-android,
github-client,
github-mvp,
mvp-android,
mvp-architecture,
android-component,
imui,
instant-messaging,
ios-component,
db2,
hibernate,
jdbc-utilities,
jooq,
jpa,
sql-builder,
sql-formatter,
sql-query,
sql-query-builder,
sql-query-formatter,
android-book,
hazelcast,
in-memory,
drawer-layout,
menu,
navigationview,
dx-sdk,
automated-testing,
mobile-testing,
test-automation,
ui-testing,
bottom-sheet,
joda,
joda-time,
ble,
blue,
spring-boot-3,
spring-boot-demo,
spring-boot-examples,
spring-boot-project,
spring-boot-thymeleaf,
spring6,
springboot-demo,
springboot3,
fibers,
firebase,
beginner,
contribution,
contributions,
help-wanted,
definition,
dts,
typescript-definitions,
typings,
bucles,
curso,
freecourses,
gratis,
henry,
learning-js,
learning-to-code,
mdn-docs,
asyncio,
api-documentation,
slate,
algolia,
algolia-search,
github-pages,
jekyll,
jekyll-theme,
lunr,
ruby-gem,
freerdp,
activejob,
activerecord,
rails,
readme,
readme-template,
charting-library,
data-viz,
echarts,
kong,
kubernetes-ingress,
kubernetes-ingress-controller,
luajit,
servicecontrol,
super-resolution,
waifu2x,
dotfiles,
neovim-config,
neovim-configuration,
neovim-dotfiles,
neovim-lua,
neovim-setup,
nvim-configs,
rice,
ricing,
formatters,
lunarvim,
cbz,
djvu,
djvu-reflow,
ebook-reader,
eink,
ereader,
fb2,
kindle,
kobo,
opds,
pdf-reflow,
pocketbook,
reflow,
remarkable-tablet,
ubuntu-touch,
computer-graphics,
cyclegan,
gans,
image-manipulation,
pix2pix,
apigateway,
apisix,
loadbalancing,
dcgan,
image-to-image-translation,
nvim-lua,
astronvim,
astrovim,
cmake,
cross-toolchains,
tbox,
wdk,
xmake,
packer,
awesomewm,
xorg,
ebpf,
ipfix,
netflow,
ntopng,
packet-analyser,
packet-processing,
sflow,
snmp,
traffic-monitoring,
nvim-cmp,
file-explorer,
nvim-plugin,
nvimrc,
neovim-conf,
lspinstall,
manager,
mason,
masoninstall,
nvim-lsp-installer,
libuv,
luvit,
neorg,
organization,
lualine,
neovim-statusline,
alacritty,
alacritty-colorscheme,
alacritty-theme,
iterm2,
iterm2-colors,
kitty,
kitty-themes,
neovim-colorscheme,
neovim-theme,
vim-theme,
font-end,
omi,
omil,
appserver,
msgpack,
tarantool,
moonscript,
parsing-expression-grammar,
nfv-framework,
userspace-driver,
userspace-networking,
neovim-lsp,
lua-script,
nmap-scan-script,
nmap-scripts,
nse,
nsescript,
security-scanner,
vulnerability,
vulnerability-assessment,
vulnerability-database-entry,
vulnerability-databases,
vulnerability-detection,
vulnerability-identification,
vulnerability-scanners,
vulnerability-scanning,
neovim-lua-plugin,
lua-modules,
luarocks,
aesthetic,
archlinux,
awesome-wm,
beautiful,
desktop-environment,
picom,
windowmanager,
remake,
theme-hospital,
pathofbuilding,
pathofexile,
pob,
poe,
cd,
fishshell,
fuzzy,
j,
zsh-plugin,
tmux-configuration,
zsh-setup,
indentation,
lua-engines,
zerobrane,
zerobrane-studio,
opennmt,
lor,
ngx-lua,
openresty,
resty,
catppuccin,
bufferline,
cdn,
wrk,
luci-app,
openwrt,
lpeg,
lpeglabel,
comment-plugin,
treesitter,
orgmode,
orgmode-nvim,
neovim-ui,
sequence-recognition,
torch7,
painting,
palette-generation,
colorblind,
daltonism,
ssl-certificate,
luakit,
vim-like,
web-browser,
doudizhu,
majhong,
paohuzi,
dartlang,
flutter-plugin,
flutter-plugins,
content-services,
flutter-app,
no-code,
no-code-platform,
notion,
notion-alternative,
rust-language,
flutter-demo,
flutter-doc,
flutter-material,
flutter-widget,
github-app,
adapter,
cancellable,
dio,
interceptor,
timeout,
angulardart,
bloc,
dart-library,
dart-web,
get,
getx,
internationalization,
routes,
backup-tool,
google-photos-alternative,
nestjs,
photo-gallery,
sveltekit,
flame,
amap,
citypicker,
customview,
popup-window,
provider,
rxdart,
sliver,
sticky-headers,
test-drive,
modding,
patching,
revanced,
application-framework,
google-flutter,
hybrid-app,
hybrid-flutter,
widget-library,
dashboard-templates,
wanandroid,
barchart,
fl-chart,
linechart,
piechart,
radar-chart,
radar-graphs,
scatter-chart,
android-flutter,
android-ios,
pixez,
pixiv,
android-music-player,
flutter-music-player,
fluttermusicapp,
music-app,
music-application,
music-player-application,
offline-songs,
inheritedwidget,
riverpod,
service-locator,
flutter-ui-challenges,
debian,
dart-package,
darts,
flutter-library,
widgetkit,
flutter-routing,
parameters,
css-preprocessor,
dart-sass,
flutter-redux,
easy-refresh,
load-more,
screenutil,
carousel,
carousel-plugin,
swiper,
demo,
kit,
listview,
tabview,
acg,
bika,
comic-books,
cosplay,
e-hentai,
hentai,
picacg,
picacomic,
r-18,
flutter-releases,
flutter-sdk-versions,
fvm,
netease-cloud-music,
google-keep,
opensource-apps,
staggeredgrid,
wechatsdk,
wxsdk,
spinkit,
harmonoid,
libmpv,
lyrics,
media-tags,
music-library,
tag-parsing,
code-reuse,
duplicate-keys,
keydecoder,
locksmith,
security-enthusiasts,
weibo,
firebase-auth,
firebase-realtime-database,
firebase-storage,
social-app,
twitter-clone,
android-client,
desktop-client,
fdroid,
cookie-manager,
flutter-webview,
inappbrowser,
inappwebview,
inline-webview,
web-storage,
webview-control,
webview-instances,
webview-library,
webview-options,
wkwebview,
douban-movie,
likebutton,
meiriyiwen,
musicplayer,
nba,
q-daily,
qdaily,
slider,
stggeredgridview,
weather,
zhuishushenqi,
slide-menu,
swipe-menu,
leaflet,
mobx,
pub,
isar,
chatapp,
im,
webaudio-api,
winamp,
prml,
computervision,
face,
reconstruction,
apmcm,
cumcm,
icm,
mathmodel,
mcm,
outstanding-winner,
algrithm,
coding-guidelines,
matlab2tikz,
octave,
pgfplots,
image-denoising,
jpeg-deblocking,
keras-tensorflow,
matconvnet,
residual-learning,
detector,
face-detector,
scale-invariance,
stanford-university,
matlab-schemes,
matlab-syntax,
scheme,
arm-robot,
dynamics,
jacobian,
kinematics,
matlab-toolbox,
mobile-robots,
motion-planning,
rigid-body-dynamics,
slam,
trajectory-generation,
evolutionary-algorithms,
multi-objective-optimization,
linear-regression,
acam,
attention,
bdnn,
dnn,
lstm,
speech,
speech-activity-detection,
vad,
voice-activity-detection,
voice-detection,
matrix,
matrix-completion,
matrix-factorization,
rpca,
subspace-learning,
subspace-tracking,
tensor-decomposition,
beamformer,
bids,
brain,
connectivity,
dipole,
donders,
ecog,
eeg,
fieldtrip,
ieeg,
meg,
neuroimaging,
neuroscience,
seeg,
time-frequency,
composite-images,
deep-image-composition,
deep-image-harmonization,
domain-translation,
domain-verification,
image-composition,
image-harmonization,
image-harmonization-dataset,
curve-text,
icdar,
scene-text,
scene-text-detection,
scene-text-recognition,
text-detection,
text-detection-recognition,
text-recognition,
total-text,
contrast-enhancement,
histogram-equalization,
image-enhancement,
image-enhancment,
low-light,
low-light-image-enhancement,
retinex,
autonomous,
capstone,
capstone-project,
drones,
energy,
final-project,
final-year-project,
master-thesis,
project-ideas,
senior-design,
senior-project,
simulink,
student-project,
students,
thesis,
cnn,
image-retrieval,
object-tracking,
siamese-network,
backpropagation,
numerical-optimization,
particle-filter,
visual-tracking,
ann,
hashing-library,
astar,
controller,
dijstra,
drone,
path-planning,
pd-controller,
planning,
quadrotor,
trajectory-optimization,
trajectory-planning,
uav,
unmanned-aerial-vehicle,
dense-prediction,
image-segmentation,
ahrs,
calibration,
ekf,
eskf,
gesture,
highlowpass,
imu,
mahonyfilter,
mpu9250,
quaternion,
signal-processing,
speech-enhancement,
speech-processing,
color-demosaicking,
deep-model,
image-deblurring,
image-inpainting,
image-restoration,
single-image-super-resolution,
correlation-filter,
cvpr2017,
meta-learning,
allan-variance,
imu-noise,
kalibr,
noise-values,
sensor-calibration,
autonomous-driving,
autonomous-vehicles,
dijkstra,
ekf-slam,
icp,
nelder-mead,
robot,
loss-functions,
metric-learning,
softmax,
gnss,
gnss-systems,
gnu-octave,
gnu-octave-toolbox,
gps,
inertial-sensors,
integrated-navigation,
lidar,
lidar-slam,
navego,
sensors-simulation,
clothes-detection,
clothes-detector,
vision-for-fashion,
mimo-ofdm-matlab,
wireless-communication,
contrast,
exdark,
image-translation,
low-light-image,
night-images,
a-priori-snr-estimator,
deep-xi,
deepmmse,
deepxi,
mhanet,
minimum-mean-square-error,
mmse,
mmse-lsa,
multi-head-attention,
noise-estimation,
residual-networks,
resnet,
robust-asr,
source-separation,
speech-separation,
tcn,
eeglab,
electrophysiology,
motion-detection,
optical-flow,
video-deblocking,
video-demo,
video-denoising,
denoising,
image-degradation,
non-blind,
sisr,
code-formatter,
matlab-editor,
matlab-source,
cs,
insar,
polsar,
radar,
radarsat,
rd,
sar,
liquid,
activity-stream,
activitypub,
mastodon,
microblog,
social-network,
webfinger,
agent,
feed,
feedgenerator,
huginn,
twitter-streaming,
webscraping,
discourse,
fastlane,
screenshots,
brew,
devdocs,
vagrant,
engineering-blogs,
programming-blogs,
software-development,
tech,
devise,
awesome-swift,
discussion,
feedback,
object-oriented,
ruby-language,
cask,
actioncable,
whatsapp,
gollum,
jruby-support,
mail-server,
postal,
capistrano,
core,
formulae,
tap,
rubocop,
headless-commerce,
rubyonrails,
spree,
spree-commerce,
spreecommerce,
store,
rack,
data-collector,
fluentd,
language-grammars,
language-statistics,
linguistic,
compiler-principles,
interpreters,
open-course,
sicp,
grape,
activeadmin,
admin-ui,
arbre,
asynchronous-tasks,
asynctask,
background-service,
job-management,
bourbon,
bourbon-family,
sass-functions,
sass-library,
sass-mixins,
china,
remote-work,
remote-workers,
soho,
telecommunications,
work-from-home,
kaminari,
pagination,
rails-helper,
factory-bot,
factory-girl,
fixtures,
rubygems,
thoughtbot,
omniauth,
scan,
scanner,
wpscan,
wpvulndb,
sourcekit,
sourcekitten,
cfgmgt,
chef,
changelog,
changelog-generator,
github-extension,
labels,
notable-changes,
middleman,
refactoring,
rubygem,
scientist,
brakeman,
security-vulnerability,
vulnerabilities,
introspection,
irb,
pry,
reflection,
bcf,
boards,
bug-tracker,
gantt,
gantt-chart,
ifc,
issue-tracker,
openproject,
project-planning,
scrum,
workflows,
geocoding,
geocoding-api,
geocoding-objects,
geocoding-requests,
opensearch,
chartjs,
google-charts,
hanami,
ruby-application,
deprecated,
friendly-url,
slug,
pagination-library,
sequel,
httparty,
benchmark-ips,
performance-optimization,
essentials,
ruby-library,
ruby-on-rails,
search-interface,
cancancan,
marshalling,
protobuf-runtime,
protoc,
protocol-buffers,
protocol-compiler,
ocr-engine,
tesseract,
tesseract-ocr,
cplusplus,
dynamic-analysis,
exploit-development,
oscp,
x64,
x86-64,
bson,
header-only,
json-diff,
json-merge-patch,
json-patch,
json-pointer,
json-serialization,
messagepack,
rfc-6901,
rfc-6902,
rfc-7049,
rfc-7159,
rfc-8259,
stl-containers,
ubjson,
carbon-lang,
experimental,
experimental-language,
cpp11,
metalink,
dbms,
mpp,
olap,
storage-engine,
artificial-intelligence-algorithms,
instructor-materials,
gpu-programming,
sparse-computation,
taichi,
autonomy,
self-driving-car,
cars,
cats-over-dogs,
corgis,
more-cats,
rocket-ships,
database-gui,
redis-gui,
redis-gui-client,
deepspeech,
on-device,
speech-to-text,
javascript-engine,
live,
prometheus-exporter,
video-conferencing,
video-streaming,
calculator,
graph-based,
graph-framework,
inference,
mediapipe,
perception,
animated-sprites,
aseprite,
draw,
pixel-editor,
sprite-editor,
sprites,
spritesheet,
tile-editor,
tilemap-editor,
gnu-linux,
image-editing,
intrusion-detection,
cpp-tutorial,
cpp14,
cpp17,
cpp20,
modern-cpp,
flatbuffers,
mmap,
serialization-library,
zero-copy,
distributed-training,
efficiency,
paddlepaddle,
smartcontracts,
proton,
winget,
bittorrent-client,
torrent-client,
notepad,
notepad-official,
event,
swoole,
database-browser,
sqlitebrowser,
cntk,
cognitive-toolkit,
chrono,
output,
printf,
3d-graphics,
fun,
rasterizer,
rendering,
rendering-engine,
rendering-pipeline,
shaders,
software-rendering,
gltf,
gltf-viewer,
metal,
pbr,
xbox,
keepassxc,
yubikey,
data-mining,
decision-trees,
gbdt,
gbm,
gbrt,
gradient-boosting,
parallel,
glsl-shader,
glsl-shaders,
godot,
graphics-programming,
hlsl,
indiedev,
panda3d,
shader,
atmel,
avr,
firmware,
reprap,
stmicro,
airsim,
autonomous-quadcoptor,
pixhawk,
platform-independent,
simulator,
unreal-engine,
weex,
bim,
cad,
coin,
fem,
freecad,
mac-osx,
opencascade,
audio-utility,
arangodb,
multi-model,
d3d11,
d3d12,
d3d9,
dawn,
directx,
directx-11,
directx-12,
gles,
glfw,
sdl,
vulkan-api,
datastore,
merchandising,
bindings,
foundationdb,
key-value-store,
transactional,
iot-device,
iot-edge,
rpi,
dlib,
machine-learning-library,
discord,
msbuild,
openrct2,
roller-coaster,
roller-coaster-tycoon,
eosio,
led,
light,
approximate-nearest-neighbor-search,
locality-sensitive-hashing,
nearest-neighbor-search,
acrylic,
aero,
blur,
gitter,
taskbar,
undocumented,
decentralization,
sd-wan,
sdn,
computer-animation,
pybullet,
desktop-application,
docset,
zeal,
asychronous,
tasking,
mathjax,
note,
uml,
vnote,
dearpygui,
python-gui,
dxbc,
gaming,
spir-v,
wine,
byond,
dm,
dreammaker,
hugbox,
memes,
role-playing,
space,
ss13,
tgstation,
tgui,
bs12,
goonstation,
vgstation,
atmospheric-modelling,
bees,
codebase,
roleplay,
space-station-13,
baystation12,
cyberpunk,
eris,
sci-fi,
spacestation13,
tauceti,
taucetistation,
marines,
roleplaying,
2d-game,
dream-maker,
station,
videogame,
yogstation,
bodged,
byond-game-engine,
clowns,
ship,
totally-a-practical-language,
wavy-sticks,
storylines,
dystopian-hugbox,
polaris,
space-ship,
2012,
2013,
isometric,
isometric-game,
lili-station,
luna,
openss,
dystopian-scifi,
graphical-mud,
roleplay-mud,
scifi,
bondage,
cbt,
white-dream,
13,
gamemodes,
tdm,
australians,
bad-deathclaw,
honk,
tgstation13,
aaaaaaaaaaaaaaaaaaaaaaaaaaaaaaaaaaa,
nebula,
process-scheduler,
farweb,
lifeweb,
byond-engine,
polska,
polski,
nev-northern-light,
fallout,
installer,
scoop,
appxpackages,
bloatware,
bloatware-removal,
button,
debloater,
ps1,
scheduled-tasks,
silent,
sysprep,
windows10,
skilling,
activedirectory,
nishang,
redteam,
mitre,
mitre-attack,
powershell-gallery,
powershell-module,
powershell-profile,
powershell-profile-script,
powershell-prompt,
profile-script,
psgallery,
21h2,
22h2,
debloating,
ltsc,
script,
sophia,
sophia-script,
tweaks,
windows-debloat,
fireeye-flare,
red-teaming,
cleanup,
powershell-scripts,
adblock,
spotify-ad-blocker,
spotify-ad-free,
spotify-adblocker,
spotify-ads,
spotify-desktop,
spotify-desktop-client,
spotify-no-ads,
spotify-no-update,
spotify-windows,
agnoster,
agnoster-theme,
conemu,
coverage-status,
gitter-badge,
paradox,
theme-engine,
authentication-bypass,
cobalt-strike,
csrf,
csrf-webshell,
cve,
cve-cms,
getshell,
oa-getshell,
penetration-testing-poc,
php-bypass,
poc,
poc-exp,
rce,
sql-getshell,
sql-poc,
0day,
apt,
brute-force,
crack,
netscan,
pentest,
sysadmin,
sysadmin-tasks,
windows-server-2016,
windows-server-2019,
istio,
guides,
linux-powershell,
powershell-cmdlets,
powershell-ise,
windows-powershell,
offensive-security,
redteam-infrastructure,
redteaming,
information-gathering,
kali-linux,
metasploit,
osint,
payload-generator,
recon,
bdd-framework,
pester-tests,
powershell-tests,
tdd-framework,
adsecurity,
exploitation,
pentest-tool,
powersploit,
sysmon,
threat-hunting,
database-administration,
migrations,
sql-server-migration,
gui-application,
software-installation,
virus-scanning,
windows-10-debloat,
windows-11-debloat,
active-directory,
configmgr,
lazywinadmin,
office365,
sccm,
scripts,
vmware,
windows-privilege-escalation,
networks,
penetration,
social-engineering,
wingetui,
edk2,
powershell-script,
uefi-shell,
windows-7,
windows-8-1,
windows11,
compliance,
defense,
hardening,
windows-hardening,
active-directory-cheatsheet,
active-directory-exploitation,
cheat-sheet,
enumeration,
hacking-cheasheet,
hacking-tools,
windows-active-directory,
active,
automated-deployment,
directory,
domain-controller,
hyperv,
lab-machine,
pki,
scripted,
scripted-deployment,
guidance,
practices,
powershell-documentation,
applocker,
awl,
purpleteam,
rules,
icon,
eventlog,
eventlog-service,
reflective-dll,
psake,
scoop-apps,
scoop-bucket,
c2,
nettitude,
payloads,
poshc2,
poshc2-installation,
proxy-aware,
uninstall,
uwp-apps,
entity-framework-6,
mvldocs,
windowsdocs,
vulnerable-activedirectory,
vulnerable-ad,
mecm,
memcm,
psadt,
psappdeploytoolkit,
integration,
mis-azure,
mis-devices-stencils,
office-365,
power-platform,
resizable-visio-shapes,
sap-stencils,
shapes,
stencils,
stencils-pack,
support-stencils,
systems-logo-stencils,
visio,
cobaltstrike,
alz,
arm,
azure-landing-zones,
azure-policy,
enterprise-scale,
eslz,
landing-zone,
landing-zones,
policy-driven,
diff-highlight,
diffs,
fancy,
count-lines,
equationgroup,
exploits,
nsa,
shadowbrokers,
tao,
perfomance,
perl,
rsnapshot,
rsync,
imapsync,
mailbox,
migration,
exasol,
firebird,
snowflake,
sqitch,
vertica,
replication,
snapshot,
zfs-filesystem,
mem-buffer,
postgresql-database,
event-loop,
mojolicious,
digital-image-forensics,
forensic-image-analysis,
image-forensics,
image-metadata,
iptc,
xmp,
mojo,
qqbot,
smartqq,
webqq,
duckduckgo,
instant-answers,
libcurl-multi,
cpan,
perl5,
anonymity,
anonymize,
iptables,
nipe,
tor,
age-check,
cms-detector,
credit-card-scaning,
dns-record,
email-validation,
geo-ip,
geoip,
iplocation,
lookup,
mx-lookup,
port-scanner,
reverse-ip-scan,
reverse-phone-lookup,
subdomain-scanner,
traceroute,
whois,
whois-lookup,
ddclient,
dynamic-dns-services,
auto-exploiter,
drupal,
joomla,
lokomedia,
prestashop,
vulnerability-exploit,
vulnerability-scanner,
website-vulnerability-scanner,
wp-scanner,
comics,
doujinshi,
nas,
sadpanda,
weixinbot,
alpine,
elecv2p,
notify-module,
qinglong,
requests,
libmodsecurity,
modsecurity,
modsecurity-nginx,
nginx-connector,
waf,
evilgrade,
mitm,
payload,
lua-resty-waf,
nginx-lua,
bastion,
dork,
lfi,
mass-exploitation-scanner,
ports,
portscan,
rfi,
sqli,
xss,
ragnarok,
btrfs,
encrypted-backups,
incremental-backups,
nac,
packetfence,
lua-mvc,
vanilla,
vanilla-dev,
vanilla-openresty,
youtube-viewer,
monitorix,
server-monitoring,
system-monitoring,
cli-utilities,
remote-admin-tool,
support-tools,
sysadmin-tool,
sysinfo,
system-administration,
backdoor-attacks,
injector,
web-attack-payloads,
cloudmin,
usermin,
virtualmin,
webmin,
irc-client,
gdrive,
perl-scripts,
wget,
port-knocker,
zero-trust,
squeezebox,
squeezebox-server,
betty,
coding-style,
holberton,
helpdesk,
otrs,
process-management,
ticket-system,
webservice,
fuzzer,
traversal,
connection-manager,
remote-shell,
terminal-emulator,
tunnel-client,
arch,
aur,
aur-helper,
aur-packages,
trizen,
browser-ide,
dev-tools,
development-environment,
vscode-remote,
javascript-framework,
nest,
nodejs-framework,
typescript-framework,
apache-superset,
asf,
business-analytics,
data-analytics,
superset,
supabase,
csr,
nuxt,
telnet-client,
canvas2d,
pixi,
pixijs,
renderer,
rendering-2d-graphics,
css-in-js,
semantic,
vue-material,
vuetify,
vuetifyjs,
antv,
umi,
fetch,
query,
stale,
stale-while-revalidate,
a11y,
accessible,
chakra-ui,
wai-aria,
date-fns,
time,
appwrite,
baas,
astro,
islands,
rich-text,
cheerio,
htmlparser,
htmlparser2,
selector,
angular-cli,
fine-grained,
solid,
data-fetching,
suspense,
swr,
etcher,
sd-cards,
usb-drives,
dropdown,
popover,
popovers,
position,
positioning,
positioning-engine,
tooltip-position,
angular-dashboard-template,
angular10,
angular2,
angular9,
bootstrap4,
ng2,
ng2-admin,
ngx-admin,
hacktoberfest-2022,
angular-components,
finite-state-machine,
fsm,
scxml,
state,
state-machine,
statechart,
statecharts,
modal,
sweetalert,
react-navigation,
hackathon,
hono,
recoil,
starter-kit,
vite,
vitest,
admin-on-rest,
frontend-framework,
react-admin,
hap,
homebridge,
homekit,
homekit-accessory-protocol,
homekit-api,
homekit-bridge,
siri,
fig,
threejs,
vant,
backstage,
developer-portal,
dx,
service-catalog,
datagrids,
filtering,
grouping,
sveltejs,
table,
chrome-extension,
firefox-addon,
safari-extension,
directus,
jhipster,
yeoman-generator,
recharts,
aliyun-oss,
electron-vue,
imgur,
imgur-uploader,
qiniu,
smms,
tencent-cos,
upyun,
blueprint,
lerna,
openapi3,
openapi31,
redoc,
hosts,
hostseditor,
hostsfile,
switch-hosts,
switchhosts,
graphql-js,
pty,
terminals,
deep-video,
jitsi,
jitsi-meet,
scalable-video-conferences,
sfu,
video-communication,
accessibility,
headless-ui,
headlessui,
native-platforms,
nativebase,
runtime-validation,
schema-validation,
notification-center,
typescript-book,
typescript-community,
capacitor,
couchdb,
indexeddb,
pouchdb,
rxdb,
rxjs,
not-the-game,
classical-chinese,
esoteric-language,
wenyan-lang,
apollographql,
graphql-client,
audio-fingerprinting,
browser-fingerprint,
browser-fingerprinting,
fingerprint,
fingerprinting,
fingerprintjs,
fraud,
fraud-detection,
identification,
visitor-identifier,
cloud-ide,
low-code-development,
low-code-development-platform,
low-code-framework,
low-code-ide,
low-code-visual-designer,
lowcode,
no-code-database,
no-code-framework,
icejs,
microfrontends,
mpa,
react-router,
ad-blocker,
blocker,
dhcp,
dhcp-server,
dns-server,
dnsmasq,
pi-hole,
diagram-editor,
javascript-applications,
offer,
bible,
how-to,
shell-scripts,
acme-client,
acme-protocol,
ash,
buypass,
certbot,
posix-sh,
zerossl,
docker-osx,
kvm,
osx-kvm,
x,
autosuggest,
zsh-autosuggestions,
computerscience,
laws,
buildpack,
dokku,
anyconnect,
censorship,
openconnect,
openvpn,
streisand,
stunnel,
freebsd-vt,
iterm,
konsole,
konsole-color-schemes,
lxterminal,
osx-terminal-themes,
putty,
putty-color-schemes,
schemes,
terminal-schemes,
terminal-themes,
terminator,
xrdb,
xresources,
iac,
cisco-ipsec,
ikev2,
ipsec,
l2tp,
libreswan,
vpn-client,
floss,
shell-theme,
zsh-users,
shell-script,
distro,
neofetch,
asdf-vm,
multiple-languages,
almalinux,
centos,
rockylinux,
zsh-syntax-highlighting,
developer,
ttf,
web-fonts,
ruby-installation,
ruby-versions,
logstash,
searchguard,
microkernel,
redox,
cloud-providers,
deploy-kubernetes,
enterprise-kubernetes-products,
google-kubernetes,
kubernetes-cluster,
kubernetes-sources,
monitoring-kubernetes,
schedule,
powerline-fonts,
bash-alias,
bash-completion,
bash-configuration,
bash-hacks,
bash-prompt,
plugin-framewoek,
prezto,
zsh-plugin-manager,
nginx-configuration,
nginx-proxy,
ssllabs,
bigsur,
catalina,
hackintosh,
high-sierra,
mojave,
bash-script,
macos-installer,
macos-virtual-machine,
virtualbox,
virtualbox-efi,
antigen,
zgen,
zgenom,
zsh-completions,
zsh-frameworks,
zsh-plugins,
kaldi,
speaker-id,
speaker-verification,
pure,
content-moderation,
nsfw,
nsfw-classifier,
pornography,
sed,
text-processing,
linux-distribution,
gdb,
nano,
atom-package,
gpt-2,
jetbrains-plugin,
sublime-package,
vscode-extension,
pi,
curated-list,
sexy-lists,
openvpn-server,
sh,
fishshell-framework,
oh-my-fish,
omf,
gnupg,
gpg,
gpg-agent,
gpg-configuration,
pgp,
rsa-cryptography,
smartcard,
continuous-deployment,
spinnaker,
fuzzing,
oss-fuzz,
stability,
chroot,
crouton,
kali,
fastdfs,
nmon,
docker-openvpn,
easyrsa-pki,
auditing,
aws-infrastructure,
aws-inventory,
cloudtrail,
iam,
evernote,
microsoft-onenote,
paperwork,
grpc-cloudflare,
trojan-grpc,
websockettlscdn-cloudflare-ip,
xray-core,
xtls-rprx-vision,
shadowsocks-libev,
shadowsocks-server,
gnome-terminal,
mint,
pantheon-terminal,
bootloader,
clover,
hackintool,
highsierra,
monterey,
opencore,
code-hosting,
gitlab-ce,
hidpi,
macos-hidpi,
containerd,
coredns,
docker-registry,
efk,
flanneld,
harbor,
fresh-installs,
guidebook,
installation,
cff,
cff2,
cjk,
opentype,
otc,
source-han,
acme-v2,
cpplint,
twemoji,
email-marketing,
email-template,
email-templates,
html-emails,
pelican,
explainable-ai,
geometric-deep-learning,
graph-neural-networks,
pattern-recognition,
visual-recognition,
amp,
milligram,
angular11,
angular4,
nodeschool,
workshopper,
operator,
proposal,
syntax,
blog-theme,
jekyll-themes,
devops-cheatsheets,
hacktoberfest-2020,
kubernetes-monitoring,
goproxy,
module,
favorites,
spring-data-jpa,
springdatajpa,
thymeleaf,
webjars,
bootstrap-generator,
rails-gem,
twitter-bootstrap-rails,
blink,
gecko,
google-chrome,
microsoft-edge,
opera,
safari,
w3c,
web-standards,
whatwg,
cve-poc,
latest-cve,
software-security,
software-vulnerabilities,
software-vulnerability,
hass,
hassio,
home-assistant,
russian,
zfaka,
zlkb,
github-profile,
ffmpeg-api,
ffmpeg-server,
h264,
multi-streaming-server,
obs,
rtsp-server,
streaming-server,
twitch-livestream,
videohoster,
youtube-livestream,
cache-engine,
database-engine,
html-template,
php-template,
route-handler,
sql-engine,
sql-mapper,
css-interview-questions,
designer-interview-questions,
html-interview-questions,
javascript-interview,
javascript-interview-questions,
course-materials,
lti,
mooc,
oer,
contextmenu,
jquery-contextmenu,
ant-colony-optimization,
fcm,
hmm-model,
kmeans,
knn-classification,
qml,
quantum-ai,
quantum-programming-language,
qubits,
fastify,
preact,
react-query,
recoiljs,
jcp,
jsr,
bootstrap-4,
bootstrap-template,
bootstrap-theme,
cheminformatics,
rdkit,
particles,
android-interview,
android-rtmp,
bdf,
bitmap,
pixel,
zpix,
collaborative-editing,
medium-clone,
medium-editor,
chinese-word-segmentation,
entity-linking,
freegate,
ultrasurf,
snakemake,
workflow-management,
bricklayer,
gallery,
justification,
justified-layout,
masonry,
masonry-layout,
thumbnails,
div,
single-div